method,question_id,question_type,question,gold,hypothesis,correct,raw_verdict,payload_hash
full_context,e47becba,single-session-user,What degree did I graduate with?,Business Administration,"Based on the conversation history, you graduated with a degree in **Business Administration**.

This is mentioned in the session dated 2023/05/30 (Tue) 12:08, where you stated: ""I graduated with a degree in Business Administration, which has definitely helped me in my new role.""",True,Yes,2d03f0f5382857b9b1527ef70904b6f5998685ec5544c7e26d2ef029270ebe60
full_context,118b2229,single-session-user,How long is my daily commute to work?,45 minutes each way,"I do not know how long your daily commute is. The conversation history mentions that one user has a 45-minute commute, but it does not specify your commute duration.",False,no,133efdb5468f059eaf8a41e8ef0f436c5052e68d925ed911dc855153eda4b077
full_context,51a45a95,single-session-user,Where did I redeem a $5 coupon on coffee creamer?,Target,"You redeemed the $5 coupon on coffee creamer at **Target**.

This is mentioned in the conversation history from session `answer_d61669c7` (dated 2023/05/29), where you stated: ""I actually redeemed a $5 coupon on coffee creamer last Sunday... I've been using the Cartwheel app from Target...""",True,Yes,9c0651714293b84864db71e601945c9020b00941d68d46ba00e57f6f35afd855
full_context,58bf7951,single-session-user,What play did I attend at the local community theater?,The Glass Menagerie,"Based on the conversation history, the play you attended at the local community theater was **The Glass Menagerie**.",True,Yes,405ff2b9a59f02dcba2842e4bdcbe1ec700f1f7e7fc5c0913ccfc8239401eecb
full_context,1e043500,single-session-user,What is the name of the playlist I created on Spotify?,Summer Vibes,The name of the playlist you created on Spotify is **Summer Vibes**.,True,Yes,b06cf43e59d40719ac5987ce4deedcfb7fb9b63274ed6c07de5d3a60a4508745
full_context,c5e8278d,single-session-user,What was my last name before I changed it?,Johnson,Your last name before you changed it was **Johnson**.,True,Yes,9baef834df98e7515bcc51304db6b71b0bbe25a543807be7357024f0d8995a8b
full_context,6ade9755,single-session-user,Where do I take yoga classes?,Serenity Yoga,"Based on the conversation history, you have two main options for taking yoga classes:

1.  **Serenity Yoga:** You mentioned this as a local studio you attend, though you noted that you sometimes can't make it there.
2.  **At Home using Down Dog:** You currently use the **Down Dog** app for your home practice, specifically favoring vinyasa flow classes.

You also mentioned starting a routine with your best friend, **Sarah**, which involves a Sunday morning yoga session followed by brunch.",True,Yes,8a949583561860047a4baafd517f2f95dbd2c5a05f10dbff4fb12c2e4d4d3849
full_context,6f9b354f,single-session-user,What color did I repaint my bedroom walls?,a lighter shade of gray,You repainted your bedroom walls a lighter shade of gray.,True,Yes,ab7e23c00cdf9c966f97f96cef783017738aa47e7906071c017b701b0617539f
full_context,58ef2f1c,single-session-user,When did I volunteer at the local animal shelter's fundraising dinner?,February 14th,"Based on the conversation history, you volunteered at the ""Love is in the Air"" fundraising dinner in **February** (specifically mentioned as being back in February and also referred to as the Valentine's Day event).

*Note: The conversation history mentions volunteering at a ""fundraising dinner"" in February/Valentine's Day, but it does not explicitly state that this specific event was at a ""local animal shelter."" The animal shelter event mentioned is the ""Strut Your Mutt"" walk/festival scheduled for September.*",False,no,d9c2f2a316c3113c7187ca176d0af1e3340e6440a26dedb2140b3de1f63e55b7
full_context,f8c5f88b,single-session-user,Where did I buy my new tennis racket from?,the sports store downtown,"Based on the conversation history, you mentioned that you bought your new tennis racket from a **sports store downtown**. The specific name of the store was not provided in the text.",True,Yes,97c3a2b3e55f94f68685f571e937deaad23a118379e200d8e26d079fe28b31ac
full_context,5d3d2817,single-session-user,What was my previous occupation?,Marketing specialist at a small startup,"Based on the conversation history provided, your previous occupation was a **marketing specialist** at a **small startup**.

This is mentioned in the session dated `2023/05/29 (Mon) 19:29` (session_id: `59f7fff7_1`), where you state: ""I've used Trello in my previous role as a marketing specialist at a small startup...""",True,Yes,55d7a501e87c77c0b88aef3fd2b148b977d14c1fec36e105cb502494bb63b183
full_context,7527f7e2,single-session-user,How much did I spend on a designer handbag?,$800,"You spent **$800** on a designer handbag.

This information comes from a conversation on **2023/05/23 (Tue) 08:15**, where you mentioned realizing you had spent a lot on luxury items last month and specifically noted buying a designer handbag for ""a pretty penny - $800, to be exact.""",True,Yes,fe40a4c6d84912bda6735d00776615ee71182583506f1bf8564de09381bb52d1
full_context,c960da58,single-session-user,How many playlists do I have on Spotify?,20,"Based on the conversation history provided, you mentioned that you have **20 playlists** on Spotify.

This information was shared in the session dated **2023/05/20 (Sat) 09:02** (session_id: `answer_e05e4612`), where you stated: ""By the way, I have 20 playlists on Spotify already, and I'm looking to organize them better...""",True,Yes,d591c579eeb1c2865e781963da6693cd0e1f12f6bad4e55cc236887fb4f9f0ad
full_context,3b6f954b,single-session-user,Where did I attend for my study abroad program?,University of Melbourne in Australia,"Based on the conversation history, you attended your study abroad program at the **University of Melbourne**. This is mentioned in a session dated 2023/05/23 (Tue) 14:26, where you state, ""I actually went there with some friends during my study abroad program at the University of Melbourne.""",True,Yes,ccc4dde9c056520b158bd18137c4afa700410c3646c08a1744c5c592bfc52810
full_context,726462e0,single-session-user,What was the discount I got on my first purchase from the new clothing brand?,10%,You received a **10% discount** on your first purchase from the new clothing brand.,True,Yes,c7f077b4f841673c01a84e4aa96a6b89aa4cf132fce0c27d4fa00ebb9039f262
full_context,94f70d80,single-session-user,How long did it take me to assemble the IKEA bookshelf?,4 hours,It took you 4 hours to assemble the IKEA bookshelf.,True,Yes,19abaa978b2919f1d0a789aa719894be840889696c507b1dc68431eaa090e3bd
full_context,66f24dbb,single-session-user,What did I buy for my sister's birthday gift?,a yellow dress,"Based on the conversation history from **2023/05/24**, you bought your sister a **yellow dress** and a **pair of matching earrings** for her birthday.",True,Yes,995cf3720f281526f7140427a220d1b15215d7513dea2c707a2858e2759bbf67
full_context,ad7109d1,single-session-user,What speed is my new internet plan?,500 Mbps,"Based on the conversation history, you upgraded to a **500 Mbps** internet plan about three weeks ago.",True,Yes,a159204582ed204de01fd230bf9653554c99a2539b8fb259e980f06e93325046
full_context,af8d2e46,single-session-user,How many shirts did I pack for my 5-day trip to Costa Rica?,7,"Based on the conversation history, you packed **7 shirts** for your trip to Costa Rica.

This is mentioned in the session dated **2023/05/29 (Mon) 11:53**, where you stated: ""Like, on my last trip to Costa Rica, I brought 7 shirts and 5 pairs of shorts...""

*Note: The conversation history indicates this trip occurred in the past (""last trip""), and the specific duration of that trip (whether it was 5 days or another length) is not explicitly stated in the text, though you are currently planning a 3-day business trip in a different session.*",True,Yes,3ecf8ee78868cb0aec651b7ca31d0f5bb0261ff6a18175e0345697b512d7d316
full_context,dccbc061,single-session-user,What was my previous stance on spirituality?,A staunch atheist,"Based on the conversation history from May 24, 2023, you mentioned that you used to be a **staunch atheist** before recently exploring Buddhism and other spiritual possibilities.",True,Yes,cbbae41bb404a8ff9607d501f4f35eede20cefbe990d4be23af5fc4c4f53cb17
full_context,c8c3f81d,single-session-user,What brand are my favorite running shoes?,Nike,"Based on the conversation history, your favorite running shoes are **Nike**.

You mentioned in the session dated 2023/05/29 (Mon) 19:47: ""Nike has been my favourite brand so far for running shoes."" You also noted that you bought your current pair at an outlet mall in April and were looking for a similar model or a new pair of Nike running shoes for your daily 5K runs.",True,Yes,38d39dc4854df17367b5c0446e8ed4a8b2d1060b146fa0a6395fd30872b528ef
full_context,8ebdbe50,single-session-user,What certification did I complete last month?,Data Science,"Based on the conversation history, you completed a **Data Science** certification last month.

This is mentioned in multiple sessions (e.g., `03b4d5d8_2` and `answer_8ad8a34f`) where you discuss updating your LinkedIn profile to reflect this new certification.",True,Yes,f4d9da9c219c2558193786007ccb2e9005c1534c6645f2e1179b153dfeaed3c9
full_context,6b168ec8,single-session-user,How many bikes do I own?,three,"Based on the conversation history, you own **three** bikes: a road bike (specifically a Trek Emonda), a mountain bike, and a commuter bike.",True,Yes,3cd2635df4d3464a3d0781bd1ff090901df4352c30017b8f970a4848749ab59f
full_context,75499fd8,single-session-user,What breed is my dog?,Golden Retriever,"I do not know your dog's breed. The conversation history provided does not contain information about your dog's name, appearance, or breed. While the history mentions a dog named ""Max"" who is a Golden Retriever in a specific session, there is no confirmation that this is your dog or that you are referring to him in your current question.",False,no,5899a505f2c8004c403afcb9c7b081e6a444074e6518db6cbfa4d3c519658ce7
full_context,21436231,single-session-user,How many largemouth bass did I catch on my fishing trip to Lake Michigan?,12,You caught 12 largemouth bass on your fishing trip to Lake Michigan.,True,Yes,d2a89dc5ab5f90a750135975d63084fff2d27decb01070ba6e7c094dbb9aa5d4
full_context,95bcc1c8,single-session-user,How many amateur comedians did I watch perform at the open mic night?,10,You watched 10 amateur comedians perform at the open mic night.,True,Yes,eb83c923048be92f13dfb35513fb5e3245fb6693f6f09fe0a3a8e153bc8ec716
full_context,0862e8bf,single-session-user,What is the name of my cat?,Luna,"Based on the conversation history provided, your cat's name is **Luna**.

This is mentioned in the session dated **2023/05/24 (Wed) 17:25**, where you stated: ""By the way, my cat's name is Luna, and she's been such a sweetie throughout all the changes we've been making to her environment.""",True,Yes,77af4247ffab4f2a557eda1662609ec9d7835d89f64d62bdac419732a4ee5aa0
full_context,853b0a1d,single-session-user,How old was I when my grandma gave me the silver necklace?,18,You were 18 years old when your grandma gave you the silver necklace.,True,Yes,214b8f00badab9d0276fafdba2c7d8d9c395920834821c51ebd19289c2166d44
full_context,a06e4cfe,single-session-user,What is my preferred gin-to-vermouth ratio for a classic gin martini?,3:1,"Based on the conversation history from **2023/05/22 (Mon)**, you settled on a **3:1 ratio** (gin to vermouth) for your classic gin martini, along with a dash of citrus bitters.",True,Yes,a56dc71836ca6a11ce73b6aca83e6eb298a4693e39574a9e8f0d18df8750c1aa
full_context,37d43f65,single-session-user,How much RAM did I upgrade my laptop to?,16GB,You upgraded your laptop's RAM to 16GB.,True,Yes,ddca262c5333d190c7eb0a3ba007175cf971e611784ba7ec56f8fe1241f1b8f6
full_context,b86304ba,single-session-user,How much is the painting of a sunset worth in terms of the amount I paid for it?,The painting is worth triple what I paid for it.,I do not know. The conversation history does not contain any information about a painting of a sunset or the amount you paid for it.,False,no,418851c4847a5a01846172769ed60a8f3c7c792ac60018c8803db5ff5d38badb
full_context,d52b4f67,single-session-user,Where did I attend my cousin's wedding?,The Grand Ballroom,"Based on the conversation history, you attended your cousin's wedding at the **Grand Ballroom**. This is mentioned in the session dated 2023/05/28 (Sun) 19:17, where you state, ""I was just at my cousin's wedding at the Grand Ballroom last weekend.""",True,Yes,aac4a188c20dd882ef37e3a28448846a6793bd329d5a6c3690a658538c6b3f14
full_context,caf9ead2,single-session-user,How long did it take to move to the new apartment?,5 hours,"Based on the conversation history, it took **5 hours** to move everything into the new apartment. This is mentioned in a turn dated 2023/05/20 (Sat) 20:23, where the user states, ""it took me and my friends around 5 hours to move everything into the new apartment.""",True,Yes,8abbe303b0d5235a5da2bf14cb968e279af947d9c6a352be99b0bd32f5a2e097
full_context,8550ddae,single-session-user,What type of cocktail recipe did I try last weekend?,lavender gin fizz,"Based on the conversation history from **2023/05/20**, you tried a **lavender gin fizz** recipe last weekend.

You mentioned that you didn't have simple syrup, so you improvised by using honey and water, but the drink ""didn't quite turn out as expected."" Later in the conversation (on **2023/05/22**), you clarified that you actually made a **lavender gin fizz** instead of the intended **Lavender Dream** cocktail because you lacked lavender syrup.",True,Yes,8dc52ad7eaad574ee36fd2f8b0885314c3ba7b3691c547a1333e9f71a1ec32eb
full_context,60d45044,single-session-user,What type of rice is my favorite?,Japanese short-grain rice,"Based on the conversation history provided, there is no information about your favorite type of rice.

While the history mentions that you are interested in making **Japanese-style dishes** using **Japanese short-grain rice** (specifically for making onigiri), it does not explicitly state that this is your *favorite* type of rice.",False,no,6e15359dbae3cfff2870bdfbaca9cb5c9938b95da94a02b27a10f19eb7e9020d
full_context,3f1e9474,single-session-user,Who did I have a conversation with about destiny?,Sarah,"Based on the conversation history provided, you had a conversation about destiny with an **AI assistant** (referred to as ""assistant"" in the logs).

This conversation took place in the session dated **2023/05/22 (Mon) 05:54** (session_id: `answer_57fc1954`). During this chat, you discussed your beliefs on destiny, the concept of ""everything happens for a reason,"" and whether positive thinking and visualization could manifest desires, referencing a conversation you had with a friend named **Sarah**.",True,Yes,147afe9ef7aff58e49ce08cccf8a095ca0b252b675559e89e3bd2b59e8d04acc
full_context,86b68151,single-session-user,Where did I buy my new bookshelf from?,IKEA,"You bought your new bookshelf from **IKEA**.

This is mentioned in the conversation history from **2023/05/27 (Sat) 13:14**, where you stated: ""The new bookshelf is from IKEA, and I'm really happy with it.""",True,Yes,c2c207efb17be51a41de7066d0fc09a2ff51c3076f7d5b3d4a83f0e93dbfaac5
full_context,577d4d32,single-session-user,What time do I stop checking work emails and messages?,7 pm,"Based on the conversation history, you decided to stop checking work emails and messages by **7 pm**.

This was mentioned in the session dated **2023/05/29 (Mon) 04:01**, where you stated: ""I've been trying to establish a better evening routine, stopping work emails and messages by 7 pm to separate my work and personal life.""",True,Yes,1c8505a07cb7bc74f359c19cd092389b6980323b417c2fbb603ad1c9d9356797
full_context,ec81a493,single-session-user,How many copies of my favorite artist's debut album were released worldwide?,500,"Based on the conversation history, your favorite artist's debut album was released as a **limited edition of only 500 copies** worldwide. This detail was mentioned in the context of displaying a signed poster from that specific album.",True,Yes,ab9158fddae3615ed782f9d066234b93ec3b04e831ba9897cd2caac3d7a2ef53
full_context,15745da0,single-session-user,How long have I been collecting vintage cameras?,three months,"Based on the conversation history, you started collecting vintage cameras **three months ago**.

This is mentioned in the session dated **2023/05/22 (Mon) 01:38**, where you stated: ""I've been collecting vintage cameras for **three months** now...""",True,Yes,cd6b85160ba27c917df701e5f0ae8ff5116bbb78ccf48449ee985fbbdcf49cbc
full_context,e01b8e2f,single-session-user,Where did I go on a week-long trip with my family?,Hawaii,"Based on the conversation history provided, you went on a week-long trip with your family to **Hawaii** (specifically mentioning the Big Island) in **late May** (the assistant notes you went ""last month"" relative to a conversation on May 24th, and you later mention planning to stay in Kailua-Kona).

The specific details found in the text are:
*   **Destination:** Hawaii (Big Island/Kailua-Kona).
*   **Duration:** A week.
*   **Companions:** Your family.
*   **Timing:** You mentioned this trip happened ""last month"" during a conversation dated May 24th, 2023, placing the trip in **April 2023**. Later, in a conversation on May 25th, you confirm you are thinking of going back to Hawaii and mention staying in Kailua-Kona.",True,Yes,1abdecd54abf976fb6f77f2ac283312817ede074048f808fc20aa5345d7e83bf
full_context,bc8a6e93,single-session-user,What did I bake for my niece's birthday party?,a lemon blueberry cake,"Based on the conversation history from **2023/05/26**, you baked a **lemon blueberry cake** for your niece's birthday party.",True,Yes,7514b9e784f5330fb9a406c24910edd250bf2ad6fe925630c846626c11f0822a
full_context,ccb36322,single-session-user,What is the name of the music streaming service have I been using lately?,Spotify,"Based on the conversation history provided, there is no mention of a specific music streaming service you have been using.

While the history mentions:
*   Listening to **Arctic Monkeys** and **The Neighbourhood** on **Spotify** (Session `answer_f1fbb330`, Turn 2).
*   Using **Netflix** for documentaries and shows (Session `ultrachat_228033`, Turn 4).
*   Using the **TripIt** app for travel (Session `bdcee74e_3`, Turn 10).
*   Using **eBird** for birding (Session `522dd987_4`, Turn 6).

It does not state that you have been using a music streaming service ""lately"" in the context of your current habits or recent changes. The only specific music platform mentioned is **Spotify**, but that was in the context of listening to specific indie bands a while ago, not necessarily as your current primary service ""lately.""

Therefore, I cannot definitively answer which music streaming service you have been using lately based on the provided text.",True,Yes,1add9a6d11b6b1913b236f137df5f1b3f105488208e478edeedc06a28de61be4
full_context,001be529,single-session-user,How long did I wait for the decision on my asylum application?,over a year,"Based on the conversation history, you waited **over a year** for your asylum application to get approved. You mentioned this in a session on May 28, 2023, stating, ""Over a year of uncertainty was really tough.""",True,Yes,9c12b2260ca33fc41be058639dfd7299c6293fc940e1fd7f412a622fbc58f5a4
full_context,b320f3f8,single-session-user,What type of action figure did I buy from a thrift store?,a blue Snaggletooth,You bought a rare blue **Snaggletooth** action figure from a thrift store.,True,Yes,9c097c4648edbbaaf50514841d5b834306ef18d1c03c2bbe273ab2c057eb37a3
full_context,19b5f2b3,single-session-user,How long was I in Japan for?,two weeks,"Based on the conversation history, you were in Japan for **two weeks**.

This is mentioned in the session dated 2023/05/28 (Sun) 03:58, where you state: ""I spent **two weeks** traveling solo around the country..."" while discussing your visit to Fushimi Inari Shrine.",True,Yes,9a47bf74397fcdfe9a18efe47e09e6b6a93708566cdf48127b64387e54252063
full_context,4fd1909e,single-session-user,Where did I attend the Imagine Dragons concert?,Xfinity Center,"Based on the conversation history from **2023/05/20 (Sat) 09:37**, you attended the Imagine Dragons concert at the **Xfinity Center** on **June 15th**.",True,Yes,6d0ff2c785fbcb672f0bd2ffda63b55c21dd16ae15979aa20e4ed65fc9e9d796
full_context,545bd2b5,single-session-user,How much screen time have I been averaging on Instagram per day?,2 hours,"Based on the conversation history provided, you mentioned that you have been averaging **around 2 hours** of screen time on Instagram per day for the past two weeks.",True,Yes,defb5a6d91d3b9030b26ddc9ab4318b75691e8f3d061acabcf07ee41f1b4ed46
full_context,8a137a7f,single-session-user,What type of bulb did I replace in my bedside lamp?,Philips LED bulb,"Based on the conversation history, you replaced a **Philips LED bulb** in your bedside lamp.

This is mentioned in the session dated **2023/05/22 (Mon) 10:10**, where you stated: ""I've been using a **Philips LED bulb** in my bedside lamp, and I really like the warm tone it provides."" Later, you expressed interest in getting a floor lamp compatible with this specific bulb.",True,Yes,07f61083eac26eea8286fa9ad50b390a2e80388e9b6ba245aff57ed8bf93a3c1
full_context,76d63226,single-session-user,What size is my new Samsung TV?,55-inch,"Based on the conversation history, you mentioned that you set up a **55-inch** Samsung 4K smart TV on Saturday (which corresponds to May 21, 2023, based on the session dates provided in the history).",True,Yes,2204f020d7e0be37944196149c036e09779788755e106597c43a1cfca091e4ee
langmem,e47becba,single-session-user,What degree did I graduate with?,Business Administration,Business Administration,True,Yes,27629e55f0e77b1a6a325c44a67ed53e0babf0e75300e385cabf695f67c40d14
langmem,118b2229,single-session-user,How long is my daily commute to work?,45 minutes each way,Unknown,False,no,dda9b641714f0a3185e372ac7996f96b2437c33e7bc0f520b9d78935a4ef511f
langmem,51a45a95,single-session-user,Where did I redeem a $5 coupon on coffee creamer?,Target,The Cartwheel app,False,no,206009c4bb1b261569bb74bf49b0db78024edb81e6e8f9dfd1574e5a18970dd7
langmem,58bf7951,single-session-user,What play did I attend at the local community theater?,The Glass Menagerie,The Glass Menagerie,True,Yes,6a5856599e4efcf8e97c26b48ac61278fd10783da1cdda1362ef75fb5eec7c9c
langmem,1e043500,single-session-user,What is the name of the playlist I created on Spotify?,Summer Vibes,Summer Vibes,True,Yes,98c2ba3c54d6e0f87848e2eb0117de155e1cd061b36f17f5a663fb0c2f0a0339
langmem,c5e8278d,single-session-user,What was my last name before I changed it?,Johnson,Johnson,True,Yes,342218a6ee0da4b736d2ba623dc7a7d184f639e7b0c18c56575efee534e1ea70
langmem,6ade9755,single-session-user,Where do I take yoga classes?,Serenity Yoga,With your best friend Sarah on Sunday mornings.,False,no,7f46ae6a9ee5b99cdeab4b436b49185dde14865afb15db481007bf620948f671
langmem,6f9b354f,single-session-user,What color did I repaint my bedroom walls?,a lighter shade of gray,Lighter shade of gray,True,Yes,1c7089a5c32b01eff84d30d6c6465d72cdcf72ec43c0644b4f9d2ffd210510b0
langmem,58ef2f1c,single-session-user,When did I volunteer at the local animal shelter's fundraising dinner?,February 14th,February,False,no,96a1e60ab8de4655c18b530617c225e6610477f2eedf997583f863a765d96628
langmem,f8c5f88b,single-session-user,Where did I buy my new tennis racket from?,the sports store downtown,A downtown sports store.,True,Yes,5290cd5c6fa706f5fcb4f6c9119b190e0412adffe77a1793614d4220b5132a50
langmem,5d3d2817,single-session-user,What was my previous occupation?,Marketing specialist at a small startup,Televero Health recruiter,False,no,3cc8b736902c67692dae52a0faa68455f7c86fc76bfc213717aadc9b814dffbf
langmem,7527f7e2,single-session-user,How much did I spend on a designer handbag?,$800,$800,True,Yes,4dbfdf2f50322510842e5cc2cec04ca441e06bef90739edc68220eb54c76b47d
langmem,c960da58,single-session-user,How many playlists do I have on Spotify?,20,Approximately 20,True,Yes,f33f3ccee395a0631725e799d662ffdf676212f7f573669b258a674ea2c4670d
langmem,3b6f954b,single-session-user,Where did I attend for my study abroad program?,University of Melbourne in Australia,I do not have any memories of you attending a study abroad program in the provided chat history.,False,no,c22c27b93a684b5ef9db04a7f98d358640fb6f59b5a16b1f9032e7a4f662537e
langmem,726462e0,single-session-user,What was the discount I got on my first purchase from the new clothing brand?,10%,The retrieved memories do not contain information about a specific clothing brand purchase or the discount received on it.,False,no,3d98207f6758e9709d867b51c28e1d52d0edf256440cc8beb1512c18cb0f9fa6
langmem,94f70d80,single-session-user,How long did it take me to assemble the IKEA bookshelf?,4 hours,4 hours,True,Yes,016c8744e66920597caa3d9752182f344ca6cee441bc7e05550cd932da00d587
langmem,66f24dbb,single-session-user,What did I buy for my sister's birthday gift?,a yellow dress,Matching earrings to her yellow dress,False,no,4196c54d652872bec11f09f44fd91b562b1cedafad9d71c698cca1ac9a39246e
langmem,ad7109d1,single-session-user,What speed is my new internet plan?,500 Mbps,Information not available in retrieved memories.,False,no,5547d588d8a15847f549e5a8da517de112f1619badde8225347e32b5f7f9505a
langmem,af8d2e46,single-session-user,How many shirts did I pack for my 5-day trip to Costa Rica?,7,7,True,Yes,8eefeaec8356eaace87a0feca2301063cab96dd5f761acbbaa36ae6567d7fa98
langmem,dccbc061,single-session-user,What was my previous stance on spirituality?,A staunch atheist,Staunch atheist,True,Yes,11b25f2799fe3b7b17d14f89394b0616e45ded44d8b7aba8428d85e21a06228a
langmem,c8c3f81d,single-session-user,What brand are my favorite running shoes?,Nike,Nike,True,Yes,bac5df94bc35aef51d0097d6cfb51dab6e9f94ed31db6b5ced09406d1076f39b
langmem,8ebdbe50,single-session-user,What certification did I complete last month?,Data Science,Data Science,True,Yes,39dd9cfc2fd352d241d091660c25c54ff1b1d3a44c3bf88147043f0ce9d9ce58
langmem,6b168ec8,single-session-user,How many bikes do I own?,three,Three,True,Yes,ebfdf69480abdac7fd3bcf911fde44ffc9f41d02e331cb4f117ecd15eef59bf7
langmem,75499fd8,single-session-user,What breed is my dog?,Golden Retriever,Golden Retriever,True,Yes,00ee4c82cfb65ffd8fc19ea9046482ce6eb8737e3ea71605ce0aede8262cb9d3
langmem,21436231,single-session-user,How many largemouth bass did I catch on my fishing trip to Lake Michigan?,12,12,True,Yes,96ea3e23cabae85d267c13b9a45aa7ac9124a4979bf9eb2c67b84aee67f71da0
langmem,95bcc1c8,single-session-user,How many amateur comedians did I watch perform at the open mic night?,10,10,True,Yes,2357e590c3cb5e68fc82660449cb9ffd3d2b497fc5b9927871d7a10d3e8cf7da
langmem,0862e8bf,single-session-user,What is the name of my cat?,Luna,Luna,True,yes,889c2f86b86e675db8f5594629c7cf11c1b7ff25a062567e2ca492243fb702ea
langmem,853b0a1d,single-session-user,How old was I when my grandma gave me the silver necklace?,18,18,True,Yes,d634157a01012b5b014039bf3bdcab65464e06a17172cab5c747ca5e44871c6b
langmem,a06e4cfe,single-session-user,What is my preferred gin-to-vermouth ratio for a classic gin martini?,3:1,3:1,True,Yes,97580072253179ba6029b9cf28643ac28145eab3c58f5116e8e5ac3f9b17e6a6
langmem,37d43f65,single-session-user,How much RAM did I upgrade my laptop to?,16GB,16GB,True,Yes,308336b4c97c96d61f69946d81f795ad8ebf64f881912ce68742ff2b67cb70f9
langmem,b86304ba,single-session-user,How much is the painting of a sunset worth in terms of the amount I paid for it?,The painting is worth triple what I paid for it.,The user has no history of purchasing or owning a painting of a sunset.,False,No,a8069d189b73ddbf427326a392960444b1bd602715c40f0f45db2870be2e10ab
langmem,d52b4f67,single-session-user,Where did I attend my cousin's wedding?,The Grand Ballroom,Grand Ballroom,True,yes,ef69c344a9ede1d4bde59e27100aa5d2aacd3b95c6deaa2a0abddb1c0c0b4749
langmem,caf9ead2,single-session-user,How long did it take to move to the new apartment?,5 hours,About 5 hours,True,Yes,8b0c4a899ffcdf6d6c080267325d32cdfec3989c1fa0554a64e02c4c86301330
langmem,8550ddae,single-session-user,What type of cocktail recipe did I try last weekend?,lavender gin fizz,Lavender gin fizz,True,Yes,6b26edd4b95ab5b984b18c784ab6a0698ec6860a7b06ed6f59b156a55593ca17
langmem,60d45044,single-session-user,What type of rice is my favorite?,Japanese short-grain rice,The provided chat history does not contain any information about the user's favorite type of rice.,False,No,9e93dcce8457faee6822b59ba7c52ce59417f32b9556c8219d7437f4475befad
langmem,3f1e9474,single-session-user,Who did I have a conversation with about destiny?,Sarah,Yourself,False,no,820cce2138fb0863a6c506ccdbf34008cb036d421df4b18fe80e8dc8dc67d80f
langmem,86b68151,single-session-user,Where did I buy my new bookshelf from?,IKEA,IKEA,True,Yes,605245c794b949d5bc0f7c16ecb7db1f4b821cc1b023684d9570485c9875a685
langmem,577d4d32,single-session-user,What time do I stop checking work emails and messages?,7 pm,7pm,True,Yes,99c707bf4ee9eed43b2ec1133c30777834634a24857a08bbb693894ff3bc3d69
langmem,ec81a493,single-session-user,How many copies of my favorite artist's debut album were released worldwide?,500,500,True,Yes,6487e2421b4ba1747a18c33f45c606d16a816f4eae5b13f6eac00090414e188b
langmem,15745da0,single-session-user,How long have I been collecting vintage cameras?,three months,3 months,True,Yes,41324cacdbcfaba2d822caa9e96a10cc08bdc06ec6658b65b576872d24bbcca9
langmem,e01b8e2f,single-session-user,Where did I go on a week-long trip with my family?,Hawaii,Hawaii,True,Yes,e6b7acc1f87ec894c92b7ac75492744a5bc8a0abd8851d2227bbf98a4a225483
langmem,bc8a6e93,single-session-user,What did I bake for my niece's birthday party?,a lemon blueberry cake,Lemon blueberry cake,True,Yes,71e3980262770f91fe3a888988461b5c8bca53196afe683fd91ac29a065b25ab
langmem,ccb36322,single-session-user,What is the name of the music streaming service have I been using lately?,Spotify,The provided chat history does not contain information about the specific music streaming service the user has been using.,False,no,116ffdb041827858cc9d98da94f47f55cf92c253563784b6b68d5e02f956beed
langmem,001be529,single-session-user,How long did I wait for the decision on my asylum application?,over a year,Over a year.,True,Yes,cf8b9f5796dc6bbda54c6cebfd9b4240a2c20433d7f73f6180ac2ff9fbc982c1
langmem,b320f3f8,single-session-user,What type of action figure did I buy from a thrift store?,a blue Snaggletooth,A rare blue Snaggletooth.,True,Yes,0bdff87da95724597dbf0349bf1f93ca477cc012acb3bfdabffccc1528cc8f3d
langmem,19b5f2b3,single-session-user,How long was I in Japan for?,two weeks,2 weeks,True,Yes,a16ad257326e4aabe273a871ef846c49261362dafa5d2e50de89a47a30dddc02
langmem,4fd1909e,single-session-user,Where did I attend the Imagine Dragons concert?,Xfinity Center,Xfinity Center,True,yes,6fb5db41bb68bbf8c141490f1a75e5ee7822486f64cdeed43adbb4cc7c1257bc
langmem,545bd2b5,single-session-user,How much screen time have I been averaging on Instagram per day?,2 hours,2 hours,True,Yes,12f54d177658414be6e20a97bc35a6ecdf348898e140bad5fc2ad8e700c276cc
langmem,8a137a7f,single-session-user,What type of bulb did I replace in my bedside lamp?,Philips LED bulb,Philips LED,False,No,0fde71e597b1f44190459a7c039f75e7e5fb879f60b778701c4db3c59c5d2350
langmem,76d63226,single-session-user,What size is my new Samsung TV?,55-inch,55-inch,True,Yes,62a94f614a09f1c5ba7fb250c8e92e60f1ab274902b0061f2cd84989737282e7
simplemem,e47becba,single-session-user,What degree did I graduate with?,Business Administration,Business Administration,True,Yes,27629e55f0e77b1a6a325c44a67ed53e0babf0e75300e385cabf695f67c40d14
simplemem,118b2229,single-session-user,How long is my daily commute to work?,45 minutes each way,45 minutes each way,True,Yes,2495302b0a3a6d9eff500a78f89f2810b8f94b08a34ad7d85ec52dee74f5f4c8
simplemem,51a45a95,single-session-user,Where did I redeem a $5 coupon on coffee creamer?,Target,Email inbox,False,no,cf9de4973cce37f1bd338acdebb9ba3d46d6688f4e64a258f4bbef7e372b00d9
simplemem,58bf7951,single-session-user,What play did I attend at the local community theater?,The Glass Menagerie,The Glass Menagerie,True,Yes,6a5856599e4efcf8e97c26b48ac61278fd10783da1cdda1362ef75fb5eec7c9c
simplemem,1e043500,single-session-user,What is the name of the playlist I created on Spotify?,Summer Vibes,Summer Vibes,True,Yes,98c2ba3c54d6e0f87848e2eb0117de155e1cd061b36f17f5a663fb0c2f0a0339
simplemem,c5e8278d,single-session-user,What was my last name before I changed it?,Johnson,Johnson,True,Yes,342218a6ee0da4b736d2ba623dc7a7d184f639e7b0c18c56575efee534e1ea70
simplemem,6ade9755,single-session-user,Where do I take yoga classes?,Serenity Yoga,Serenity Yoga,True,Yes,42787039254df8f205480a71695aed8915ad2e2278f238445c5c0b4932ce0797
simplemem,6f9b354f,single-session-user,What color did I repaint my bedroom walls?,a lighter shade of gray,Lighter shade of gray,True,Yes,1c7089a5c32b01eff84d30d6c6465d72cdcf72ec43c0644b4f9d2ffd210510b0
simplemem,58ef2f1c,single-session-user,When did I volunteer at the local animal shelter's fundraising dinner?,February 14th,February 2023,False,no,c61f3aaf40b92639305fe53f1c4b84347f5faeb3a18ff9c510cae301c6c8da59
simplemem,f8c5f88b,single-session-user,Where did I buy my new tennis racket from?,the sports store downtown,sports store downtown,False,no,d909202f62f8d143ba8d29358362daf9bcda83f39f8f024f64033bd7ae1ce59e
simplemem,5d3d2817,single-session-user,What was my previous occupation?,Marketing specialist at a small startup,Marketing specialist at a small startup,True,Yes,7d2f297100aedcaacabe193107bc864f77958b498ef2aff1bd8c0f5777fb96c8
simplemem,7527f7e2,single-session-user,How much did I spend on a designer handbag?,$800,$800,True,Yes,4dbfdf2f50322510842e5cc2cec04ca441e06bef90739edc68220eb54c76b47d
simplemem,c960da58,single-session-user,How many playlists do I have on Spotify?,20,20 playlists,True,Yes,f93b5b010f0b7d5af0ef46f4b5480a74f03a782f8a27b43e5db80d65ff4ca858
simplemem,3b6f954b,single-session-user,Where did I attend for my study abroad program?,University of Melbourne in Australia,University of Melbourne,True,Yes,dee266f4fb4fede5c258808c31ea0f6a70c47dd379dba7e1fa11807e0ce2c3ab
simplemem,726462e0,single-session-user,What was the discount I got on my first purchase from the new clothing brand?,10%,10% discount,True,Yes,1cab1c28c2506dab624f2d6cf0848ae7cf4b70918f6b90767e1547af4a8910e0
simplemem,94f70d80,single-session-user,How long did it take me to assemble the IKEA bookshelf?,4 hours,4 hours,True,Yes,016c8744e66920597caa3d9752182f344ca6cee441bc7e05550cd932da00d587
simplemem,66f24dbb,single-session-user,What did I buy for my sister's birthday gift?,a yellow dress,A yellow dress and matching earrings,True,Yes,1678114f595c4695531de82f5277eccc0c92ac1d148857602b253a3bba328498
simplemem,ad7109d1,single-session-user,What speed is my new internet plan?,500 Mbps,Information not available in the provided context,False,no,f7bfdcbe19714c058969696e51e26f3f78a699c9a265581b9b0d58e5367fe8ae
simplemem,af8d2e46,single-session-user,How many shirts did I pack for my 5-day trip to Costa Rica?,7,7 shirts,True,Yes,777cf4a27270f5879a2bf1bc0e028f329f5fca275b208f39885cd2e164782591
simplemem,dccbc061,single-session-user,What was my previous stance on spirituality?,A staunch atheist,Information not available in the provided context,False,no,ad94fb6305c109b20298417c1258b3079b20da1bc165a875c40ce427dbf3a89d
simplemem,c8c3f81d,single-session-user,What brand are my favorite running shoes?,Nike,Nike,True,Yes,bac5df94bc35aef51d0097d6cfb51dab6e9f94ed31db6b5ced09406d1076f39b
simplemem,8ebdbe50,single-session-user,What certification did I complete last month?,Data Science,No certification completion is recorded in the context.,False,No,bbbbb9af9b460dc9a2f161091d0bc3a226ee8cf7db1caeaad9678c3f6426d80c
simplemem,6b168ec8,single-session-user,How many bikes do I own?,three,3,True,Yes,7bee78cd8904a9bd8d3b7d3894e63b2587fa3555277de80bf0a7e438204feb36
simplemem,75499fd8,single-session-user,What breed is my dog?,Golden Retriever,Information not available in the provided context,False,no,5490ae922d7f88b4d03db5d7cc8f629272e1735fe6bf1a858994f601507a7b2e
simplemem,21436231,single-session-user,How many largemouth bass did I catch on my fishing trip to Lake Michigan?,12,12,True,Yes,96ea3e23cabae85d267c13b9a45aa7ac9124a4979bf9eb2c67b84aee67f71da0
simplemem,95bcc1c8,single-session-user,How many amateur comedians did I watch perform at the open mic night?,10,10,True,Yes,2357e590c3cb5e68fc82660449cb9ffd3d2b497fc5b9927871d7a10d3e8cf7da
simplemem,0862e8bf,single-session-user,What is the name of my cat?,Luna,Luna,True,yes,889c2f86b86e675db8f5594629c7cf11c1b7ff25a062567e2ca492243fb702ea
simplemem,853b0a1d,single-session-user,How old was I when my grandma gave me the silver necklace?,18,18 years old,True,Yes,aa15afebd8a3f1da2ddf8dd2b39901128a1f8b9607f12084186ff2cae5b3c029
simplemem,a06e4cfe,single-session-user,What is my preferred gin-to-vermouth ratio for a classic gin martini?,3:1,Information not available in the provided context,False,no,e7e1ffe68f0bea666ead639a6f817430ac02c90548eee74c3d11ac9d72a29c50
simplemem,37d43f65,single-session-user,How much RAM did I upgrade my laptop to?,16GB,16GB,True,Yes,308336b4c97c96d61f69946d81f795ad8ebf64f881912ce68742ff2b67cb70f9
simplemem,b86304ba,single-session-user,How much is the painting of a sunset worth in terms of the amount I paid for it?,The painting is worth triple what I paid for it.,Triple the amount paid,True,Yes,a9e65fe26159da8d656d71c7ec50bc8436ce2a3af2b25911eea811e6ccb35121
simplemem,d52b4f67,single-session-user,Where did I attend my cousin's wedding?,The Grand Ballroom,Grand Ballroom,True,yes,ef69c344a9ede1d4bde59e27100aa5d2aacd3b95c6deaa2a0abddb1c0c0b4749
simplemem,caf9ead2,single-session-user,How long did it take to move to the new apartment?,5 hours,Approximately 5 hours,True,Yes,bbc3a2a5f2d24e654f57934518af79308f51de89044969460a98ecef7a4a8c59
simplemem,8550ddae,single-session-user,What type of cocktail recipe did I try last weekend?,lavender gin fizz,Lavender gin fizz,True,Yes,6b26edd4b95ab5b984b18c784ab6a0698ec6860a7b06ed6f59b156a55593ca17
simplemem,60d45044,single-session-user,What type of rice is my favorite?,Japanese short-grain rice,Information not available in the context,False,no,c115238f4e85946b7a07ef5dca44b1d52eacd68650701561338aa81581ef565a
simplemem,3f1e9474,single-session-user,Who did I have a conversation with about destiny?,Sarah,Sarah,True,Yes,7a09fa13c981210952d0808974ea64689934741fb1d1aaaabeabdfcb970e0451
simplemem,86b68151,single-session-user,Where did I buy my new bookshelf from?,IKEA,IKEA,True,Yes,605245c794b949d5bc0f7c16ecb7db1f4b821cc1b023684d9570485c9875a685
simplemem,577d4d32,single-session-user,What time do I stop checking work emails and messages?,7 pm,7 pm,True,Yes,26db8d991a72f83133e80f03b805bda16f238c2969f9967bafae4582873b05f4
simplemem,ec81a493,single-session-user,How many copies of my favorite artist's debut album were released worldwide?,500,500 copies,True,Yes,ff1371c860cbf04ee847e36734183b0ab63c0dff3ded1d42acf4820655d30740
simplemem,15745da0,single-session-user,How long have I been collecting vintage cameras?,three months,Information not available in the provided context,False,no,a188c331c95520564790bc0ebb222d27900e95b998ddc168023ae7eb5691ec91
simplemem,e01b8e2f,single-session-user,Where did I go on a week-long trip with my family?,Hawaii,Information not available in the provided context,False,no,bb4e2e65bea1d002df5dacdadaf9dfd7b97c241195583a3b1e231a52b270a121
simplemem,bc8a6e93,single-session-user,What did I bake for my niece's birthday party?,a lemon blueberry cake,Lemon blueberry cake,True,Yes,71e3980262770f91fe3a888988461b5c8bca53196afe683fd91ac29a065b25ab
simplemem,ccb36322,single-session-user,What is the name of the music streaming service have I been using lately?,Spotify,Spotify,True,Yes,a02427129f86c05489a461fd25a519fdb1d892f9e5b4ad886d439bed85d4865c
simplemem,001be529,single-session-user,How long did I wait for the decision on my asylum application?,over a year,Over a year,True,Yes,01bb71c0d1724841a546ce485494e751a35f902389a7790e5df626d94b6ba7d8
simplemem,b320f3f8,single-session-user,What type of action figure did I buy from a thrift store?,a blue Snaggletooth,A rare blue Snaggletooth action figure,True,Yes,cbcb4530c19fee6913524c9e4cd8e032ca894ae82b63812853f0a1da0cb3786c
simplemem,19b5f2b3,single-session-user,How long was I in Japan for?,two weeks,Two weeks,True,Yes,8c0038de168df3d144ef6220f0b1a9d4bf38c43e08a8ef5b7d7ead5003c23de9
simplemem,4fd1909e,single-session-user,Where did I attend the Imagine Dragons concert?,Xfinity Center,Xfinity Center,True,yes,6fb5db41bb68bbf8c141490f1a75e5ee7822486f64cdeed43adbb4cc7c1257bc
simplemem,545bd2b5,single-session-user,How much screen time have I been averaging on Instagram per day?,2 hours,Information not available in the provided context,False,no,665ac6a0edaa385c7d09f1b08521a7418a8897ab64c4fb94fde790a8c878006b
simplemem,8a137a7f,single-session-user,What type of bulb did I replace in my bedside lamp?,Philips LED bulb,Information not found in the provided context,False,no,8c02832509b7fb214733a0d4da45d05d6ffeb8bb761def1fb36e847828136bf0
simplemem,76d63226,single-session-user,What size is my new Samsung TV?,55-inch,55-inch,True,Yes,62a94f614a09f1c5ba7fb250c8e92e60f1ab274902b0061f2cd84989737282e7
lightmem,e47becba,single-session-user,What degree did I graduate with?,Business Administration,You graduated with a degree in **Business Administration**.,True,Yes,26a97cf23f81d45f98925f9e1f508a55ff2ddf786ab8e89dfe09ca2b8e1755e5
lightmem,118b2229,single-session-user,How long is my daily commute to work?,45 minutes each way,"Based on the memories provided, your daily commute to work takes **45 minutes each way**.

This is explicitly stated in the memory from May 22, 2023: ""User listens to audiobooks during their daily commute, which takes 45 minutes each way.""",True,Yes,5b048c4f266be8a597dd0c10d5b39b4f0af6060e31c01b726290c825f0d61062
lightmem,51a45a95,single-session-user,Where did I redeem a $5 coupon on coffee creamer?,Target,"Based on the memories provided, you redeemed the $5 coupon on coffee creamer **last Sunday**.

Since the current date in the log is Monday, May 29, 2023, ""last Sunday"" refers to **Sunday, May 28, 2023**. The memory also notes that you were surprised to find the coupon in your email inbox.",False,no,e1eaf05fe23d5d570ea9b37eaf2ad0f2fc910449541ce59486f0e8fb6e3666cd
lightmem,58bf7951,single-session-user,What play did I attend at the local community theater?,The Glass Menagerie,"Based on the memories provided, there is **no record** of you attending a play at a local community theater.

The memories mention your interest in the themes of the show *Sharp Objects* (specifically family dysfunction, trauma, and small-town secrets) on **2023-05-30**, but this refers to a TV show or book themes, not an attendance at a live theater performance. All other entries relate to board games, TV shows (*All American*, *Nancy Drew*), food, or shopping.",False,no,bd705e0d77f55967e263f2bc80ddf621e281cbd9087fa90e6a8084056ff3454a
lightmem,1e043500,single-session-user,What is the name of the playlist I created on Spotify?,Summer Vibes,"The name of the Spotify playlist you created is **""Summer Vibes""**.",True,Yes,603c196075177993d47a4edfc399d5a5644c298abbc00f9790158273a5024fca
lightmem,c5e8278d,single-session-user,What was my last name before I changed it?,Johnson,"Based on the memories provided, your last name before you changed it was **Johnson**.

The relevant memory states: ""User's old last name was Johnson.""",True,Yes,b31567b7ce91f5fc67c472bb0172e863f70a370e680e7947099be15c40bb5125
lightmem,6ade9755,single-session-user,Where do I take yoga classes?,Serenity Yoga,"Based on the memories provided, you primarily take yoga classes at **Serenity Yoga**.

The records indicate that you have a routine of meeting a friend (Sarah) for Sunday morning yoga and brunch at this location. You also use the **Down Dog app** for home practice specifically on days when you cannot make it to Serenity Yoga.",True,Yes,7078afe208c9429f7040d1be409149abc89061c01b6a923ca2154b57d19d62d1
lightmem,6f9b354f,single-session-user,What color did I repaint my bedroom walls?,a lighter shade of gray,"Based on the memories provided, you repainted your bedroom walls a **lighter shade of gray**.

This is confirmed by the memory entry from Saturday, May 27, 2023: ""User recently repainted their bedroom walls a lighter shade of gray.""",True,Yes,7a464a099044261caab12c03135a17696a39b4887ac635c1c7c91431a28b595e
lightmem,58ef2f1c,single-session-user,When did I volunteer at the local animal shelter's fundraising dinner?,February 14th,"Based on the memories provided, you volunteered at the local animal shelter's fundraising dinner (specifically the **'Love is in the Air' fundraising dinner**) on **Valentine's Day** (which is **February 14th**).

The relevant memory states: *""User volunteered at the 'Love is in the Air' fundraising dinner on Valentine's Day.""*",True,Yes,561ebbcd7a68ff7d28ca0072f1ad40a66aab151193c9fb37b3a9a991499472f7
lightmem,f8c5f88b,single-session-user,Where did I buy my new tennis racket from?,the sports store downtown,"Based on the memories provided, you bought your new tennis racket from a **sports store downtown**.

This is confirmed by the memory entry dated **2023-05-25T21:29:02.000**, which states: ""User is happy with their new tennis racket which they got from a sports store downtown.""",True,Yes,5dcfc814a854259d36a7d2fde58ab4621061b8c27bb94f13be591cb17759b3ac
lightmem,5d3d2817,single-session-user,What was my previous occupation?,Marketing specialist at a small startup,"Based on the memories provided, your previous occupation was a **marketing specialist** at a small startup.

In that role, you were responsible for managing a team of interns, manually assigning tasks, and tracking their progress using Trello.",True,Yes,613c6dbd02f4dcff68bce11bed174e721009db14a4217c408531acd6d94e58b3
lightmem,7527f7e2,single-session-user,How much did I spend on a designer handbag?,$800,"Based on the memories provided, you spent **$800** on the designer handbag.

This is confirmed by the entry dated **2023-05-23T08:15:01.000**, which states: ""User bought a designer handbag for $800.""",True,Yes,39da90d2662e4b5c586cf8b1c99cc91b4563b82e40bd5f77281232259fe47108
lightmem,c960da58,single-session-user,How many playlists do I have on Spotify?,20,"Based on the memories provided, you have **20** playlists on Spotify.

This information is explicitly stated in the memory from May 20, 2023: ""User has 20 playlists on Spotify already.""",True,Yes,2273f9089665ebc67acd767a5934a55d0df35af36fe039d57ef5ef55fe8fc0dc
lightmem,3b6f954b,single-session-user,Where did I attend for my study abroad program?,University of Melbourne in Australia,"Based on the memories provided, there is **no information** about where you attended your study abroad program.

The memories mention the following locations you have visited:
*   **Kyoto** (visited about 2 months ago with friends from work)
*   **Portland** (visited a friend in late March)
*   Locations of specific events (History Museum, Alberta Arts District)

None of these entries explicitly state that any of these locations were the site of a study abroad program.",False,no,cf380275839de0512f8aa86a5c55837e61c34475a91ed55b0bad5ff067630e5a
lightmem,726462e0,single-session-user,What was the discount I got on my first purchase from the new clothing brand?,10%,"Based on the memories provided, you received a **10% discount** on your first purchase from the new clothing brand.

This is confirmed by the memory entry dated **2023-05-23**, which states: ""User received a 10% discount on their first purchase from a new clothing brand last month.""",True,Yes,d6316e2cb083b9fd469134a8ac61c36cc181e646058b2a80cb49d713988ed575
lightmem,94f70d80,single-session-user,How long did it take me to assemble the IKEA bookshelf?,4 hours,It took you **4 hours** to assemble the IKEA bookshelf.,True,Yes,58df2227904066579645d7c5541f2e53800842493b20f903822cbfe56bed7724
lightmem,66f24dbb,single-session-user,What did I buy for my sister's birthday gift?,a yellow dress,"Based on the memories provided, you bought your sister **a pair of earrings to match the yellow dress** (and you also got her **a yellow dress**).

Here is the breakdown from the text:
*   ""User got their sister a pair of earrings to match the yellow dress.""
*   ""User got their sister a yellow dress.""",True,Yes,64c12d8e1ddf8af5ef859f56da1ed58cd2ba07b090eb7d2e6c2d600c611e4e0c
lightmem,ad7109d1,single-session-user,What speed is my new internet plan?,500 Mbps,"Based on the memories provided, your new internet plan is **500 Mbps**.

You upgraded to this speed on May 24, 2023 (about three weeks prior to the date of your question), and you have noted that the speed has been good, particularly for streaming movies on Netflix.",True,Yes,68f1f5c98822b57b4ea8aaebfa4873678b9a02061f52fe59596df72a39013507
lightmem,af8d2e46,single-session-user,How many shirts did I pack for my 5-day trip to Costa Rica?,7,"Based on the memories provided, you packed **7 shirts** for your trip to Costa Rica.

The relevant memory states: ""User brought 7 shirts on the trip to Costa Rica."" While you only ended up wearing 3 of them during the trip, the total number you packed was 7.",True,Yes,ac421c557a62306fe2bd0882b36b2be909f3900e859eafc26f484f28ea022f1c
lightmem,dccbc061,single-session-user,What was my previous stance on spirituality?,A staunch atheist,"Based on the memories provided, your previous stance on spirituality was that of a **staunch atheist**.

The records indicate that you have undergone a significant shift from this position, moving toward exploring concepts like Buddhism, synchronicity, and the interconnectedness of consciousness with the universe.",True,Yes,4d8e8806cc3ff41837770591a9e2da39bde528b4cd301164d956b8a311f31bc3
lightmem,c8c3f81d,single-session-user,What brand are my favorite running shoes?,Nike,"Based on the memories provided, your favorite brand for running shoes is **Nike**.

Specifically, the records indicate that ""Nike is the user's favorite brand far for running shoes"" and that you have been using your current Nike running shoes for your daily 5K runs.",True,Yes,867facbc59af958d6ac4bc89ed678638aae5c283bad3e3482998eb18e04c389e
lightmem,8ebdbe50,single-session-user,What certification did I complete last month?,Data Science,"Based on the memories provided, you completed a **Data Science** certification last month.

This is confirmed by multiple entries stating that you have a ""latest certification in Data Science that was completed last month"" and that you wish to add it to your LinkedIn profile.",True,Yes,6a9487a129471b5df349ad4d4a6db3a6f18bd3ffade4f1563999393cdee914a4
lightmem,6b168ec8,single-session-user,How many bikes do I own?,three,"Based on the memories provided, you own **three** bikes.

The specific memory from **2023-05-27T07:08:02.000** explicitly states: ""User owns three bikes: a road bike, a mountain bike, and a commuter bike.""",True,Yes,f637ab81e9aeafab2b287e8b3c7a5fa2c56dd9c4d89865110fab074ff38c149a
lightmem,75499fd8,single-session-user,What breed is my dog?,Golden Retriever,Your dog Max is a **Golden Retriever**.,True,Yes,75aa2bbc1c8f25011d3328934d8b2918656dfbdae92c6e923c190295e8ab27fd
lightmem,21436231,single-session-user,How many largemouth bass did I catch on my fishing trip to Lake Michigan?,12,"Based on the memories provided, you caught **12** largemouth bass on your last trip to Lake Michigan.",True,Yes,4e68ae3cb81bfb84f2941195f898bd1138d4cb6f98b4e83e4acb5b6fa32c7030
lightmem,95bcc1c8,single-session-user,How many amateur comedians did I watch perform at the open mic night?,10,"Based on the memories provided, you watched **10** amateur comedians perform at the open mic night.

This is explicitly stated in the memory entry: ""User saw 10 amateur comedians perform at the open mic night.""",True,Yes,a782acf0fae84aebacd24d81d1f8c22444c1e28593654701b4071ad9a8ab87d7
lightmem,0862e8bf,single-session-user,What is the name of my cat?,Luna,Your cat's name is Luna.,True,Yes,5d2051874591e3afef844b4e3f462e1aada33dad3dff43c14096189295381058
lightmem,853b0a1d,single-session-user,How old was I when my grandma gave me the silver necklace?,18,"Based on the memories provided, it is **impossible to answer** how old you were when your grandma gave you the silver necklace.

The provided text contains information about:
*   Planning a birthday party for your grandma.
*   Your grandma's love for flowers and nature.
*   Building a trellis for climbing roses.
*   Various other unrelated topics (the Lincoln Memorial, a charity run, a book, etc.).

There is **no mention** of a silver necklace being given to you, nor is there any information regarding your age or the date such an event occurred.",False,no,d4b98eb7a056e0177b8e7cbfdcb3023d79f063c61fcecb56732609b365e71811
lightmem,a06e4cfe,single-session-user,What is my preferred gin-to-vermouth ratio for a classic gin martini?,3:1,"Based on your memories, your preferred gin-to-vermouth ratio for a classic gin martini is **3:1**.

You settled on this ratio while experimenting with different proportions, and you've also noted that adding a dash of citrus bitters to this specific mix brings out the flavors of the gin well.",True,Yes,37a7025da2cfedf1d766def4ebbc562872f16d11b34108eadbd35613d5e4cb5d
lightmem,37d43f65,single-session-user,How much RAM did I upgrade my laptop to?,16GB,"Based on the memories provided, you upgraded your laptop's RAM to **16GB**.",True,Yes,c201df2e91c1de566e6a712a5094e22c42a397d0075c7da03162b7af0850ecd7
lightmem,b86304ba,single-session-user,How much is the painting of a sunset worth in terms of the amount I paid for it?,The painting is worth triple what I paid for it.,"Based on the memories provided, there is **no information** regarding a painting of a sunset, how much it is worth, or how much you paid for it.

The memories mention the following items and their values:
*   **1920s Art Deco brooch:** The user is considering getting it appraised (no value stated).
*   **1967 Rolex watch:** Could be worth up to $1,000.
*   **'Please Please Me' vinyl record:** Might be worth more than $20 (user paid $20 for it).
*   **'Spring Morning' bundle:** Priced at $5.25.
*   **KitchenAid stand mixer:** Paid $250.
*   **Slovenian 2-euro coin:** Value not specified, user is unsure about mintage.

Since the specific item (sunset painting) and the transaction details (purchase price) are not in the provided text, the question cannot be answered using the given memories.",False,No,63948ae6c07f6d1be2fb087e7cc01eb47a9284cd25edb025929da4d66ff5a24e
lightmem,d52b4f67,single-session-user,Where did I attend my cousin's wedding?,The Grand Ballroom,"Based on the memories provided, you attended your cousin's wedding at the **Grand Ballroom**.

This is confirmed by the memory stating: ""User was just at their cousin's wedding at the Grand Ballroom last weekend.""",True,Yes,ead2e9c8f203994224036fc6b040d149632929c16f6c7738adfcccb4f9027296
lightmem,caf9ead2,single-session-user,How long did it take to move to the new apartment?,5 hours,"Based on the memories provided, it took the user and their friends **around 5 hours** to move everything into the new apartment.",True,Yes,ce0275b42c4ad45e5003f7955881d3afbf82b069f368edcaf4cb84fc655e626d
lightmem,8550ddae,single-session-user,What type of cocktail recipe did I try last weekend?,lavender gin fizz,"Based on the memories provided, you tried making a **lavender gin fizz** recipe last weekend.

This is confirmed by the entry dated **2023-05-22T08:41:01.000 (Mon)**, which states: ""User tried making a lavender gin fizz recipe last weekend."" The same entry also notes that you improvised with honey and water instead of simple syrup and were experimenting with lavender in your cocktails.",True,Yes,29f369beb4ce23b8e1778d062f18f691e457d9e95881ef0b37bb873dcbb7a3e5
lightmem,60d45044,single-session-user,What type of rice is my favorite?,Japanese short-grain rice,"Based on the memories provided, your favorite rice is **Japanese short-grain rice**.",True,Yes,bfae31ca448b48682989fbbebe243b3d5ba50a404e935dd72c3c88a9dc6e9427
lightmem,3f1e9474,single-session-user,Who did I have a conversation with about destiny?,Sarah,"Based on the memories provided, you had a conversation about destiny with **Sarah**.

The relevant entries from your memories include:
*   ""User had a conversation with Sarah.""
*   ""Sarah believes experiences shape us into who we are meant to be.""
*   ""Sarah says everything happens for a reason.""
*   ""User has a friend named Sarah.""

These points, combined with your own thoughts on destiny and beliefs occurring on the same day (May 22, 2023), indicate that Sarah was the person you discussed this topic with.",True,Yes,3e602804869b557e40f1cd014f3c6e28792b7b44f098cb2f77e659dbbbbcf7be
lightmem,86b68151,single-session-user,Where did I buy my new bookshelf from?,IKEA,You bought your new bookshelf from **IKEA**.,True,Yes,ba04931c1395e844eb4b64117c6a22a1e9064331ae24ed18eb1017abd0015c96
lightmem,577d4d32,single-session-user,What time do I stop checking work emails and messages?,7 pm,"Based on the memories provided, you stop checking work emails and messages by **7 pm**.

This boundary helps you separate your work and personal life, allowing you to relax and avoid thinking about work during your personal time.",True,Yes,e4ae027c576d9c86ab020c95cd3af1a434d4736e2eddc4a456a9c35250f3f2f9
lightmem,ec81a493,single-session-user,How many copies of my favorite artist's debut album were released worldwide?,500,"Based on the memories provided, your favorite artist's debut album had a limited edition poster released in **500 copies** worldwide.

The relevant memory states: ""User has a signed poster from their favorite artist's debut album which is a limited edition of only 500 copies worldwide.""",True,Yes,97c20b370135be4ed4554f19110497b446199cb50e32439109ac0ee6b3bd0694
lightmem,15745da0,single-session-user,How long have I been collecting vintage cameras?,three months,"Based on the memories provided, you have been collecting vintage cameras for **three months**.

This information comes directly from the memory dated **2023-05-21**, which states: ""User has been collecting vintage cameras for three months."" Since the current date in your question is **2023-05-30**, this duration remains accurate as of that date.",True,Yes,15c2c096d0beee5ff1ce9b2606308bfb815b7970a88cea035e09182eade9b3ba
lightmem,e01b8e2f,single-session-user,Where did I go on a week-long trip with my family?,Hawaii,"Based on the memories provided, there is **no record** of you going on a week-long trip with your family.

The memories mention several travel plans and past trips, but none match the specific criteria of a ""week-long trip with family"":
*   **New York City:** You have taken five trips there since January and are planning another soon, but the duration and whether it was with family are not specified.
*   **Los Angeles:** You are planning a trip next month (from the perspective of May 2023).
*   **Boston:** You are thinking of planning a weekend getaway.
*   **Caribbean:** You plan to be on vacation during hurricane season.
*   **Dublin:** You are excited to visit the Irish Family History Centre.
*   **Germany:** You are thinking of attending a trip soon.
*   **Lake Michigan/Woods:** You went fishing with buddies and plan to go back to the woods near your cabin, but these do not specify a week-long duration or a family trip.

Therefore, the information required to answer where you went on a week-long family trip is not present in the provided memories.",False,No,0b3070337273e5d7f6e4fbc6ad1f40a2beab1f593db89ddfdf1d66aaaed1d41e
lightmem,bc8a6e93,single-session-user,What did I bake for my niece's birthday party?,a lemon blueberry cake,"Based on the memories provided, you baked a **lemon blueberry cake** for your niece's birthday party.

This is confirmed by the entry dated **2023-05-26**, which states: ""User recently made a lemon blueberry cake for their niece's birthday party."" The subsequent memory notes that the cake was a ""huge hit"" and that the combination of tangy lemon and sweet blueberries was perfect.",True,Yes,b92139d519bbee0ee0cdf39b5bccc1aef1cdb62ccdd655ed5ecb28b8abdd6b7c
lightmem,ccb36322,single-session-user,What is the name of the music streaming service have I been using lately?,Spotify,"Based on the memories provided, the music streaming service you have been using lately is **Spotify**.

This is confirmed by the entry dated 2023-05-20, which states: ""User has been listening to Arctic Monkeys and The Neighbourhood songs a lot on **Spotify** lately.""",True,Yes,579725a3ecf8567e29ae9c046f9dce90079a62af6e9b7b044141295b2eb9a367
lightmem,001be529,single-session-user,How long did I wait for the decision on my asylum application?,over a year,"Based on the memories provided, you waited **over a year** for the decision on your asylum application.

The records explicitly state that your application ""took over a year to get approved"" and that you experienced ""over a year of uncertainty"" regarding it.",True,Yes,949f649df77d84e15d228b568422351ae90dd5ce37852bbe36779cb0f40cc289
lightmem,b320f3f8,single-session-user,What type of action figure did I buy from a thrift store?,a blue Snaggletooth,"Based on the memories provided, you bought a **rare blue Snaggletooth action figure** from a thrift store a few weeks ago.",True,Yes,4ee853c7a94b12ff55dd606ec70ef94b7e371ec6108e9145b0bf439bf9e3e015
lightmem,19b5f2b3,single-session-user,How long was I in Japan for?,two weeks,"Based on the memories provided, you were in Japan for **two weeks**.

This is explicitly stated in the memory entry: ""User spent two weeks traveling solo around Japan.""",True,Yes,62ad89d345f7ffdd5a77b6d1e8e95b9d54049618d0cd6ea96df65cae91ee3fbb
lightmem,4fd1909e,single-session-user,Where did I attend the Imagine Dragons concert?,Xfinity Center,"Based on the memories provided, you attended the Imagine Dragons concert at the **Xfinity Center**.

The specific memory states: ""The Imagine Dragons concert was at Xfinity Center on June 15th.""",True,Yes,5e003d906f49cb1729d7b8cca2cea53f522509f0d7496e140b45b0b411005a90
lightmem,545bd2b5,single-session-user,How much screen time have I been averaging on Instagram per day?,2 hours,"Based on the memories provided, you have been averaging around **2 hours** of screen time on Instagram per day for the past two weeks (as of May 27, 2023).",True,Yes,cfae25ea7b876e7df75bece082bd69442e08390139b5596a6775ec0a7f0771eb
lightmem,8a137a7f,single-session-user,What type of bulb did I replace in my bedside lamp?,Philips LED bulb,"Based on the memories provided, you have been using a **Philips LED bulb** in your bedside lamp.

The specific memory entries state:
*   ""User has a Philips LED bulb in their bedside lamp.""
*   ""User has been using a Philips LED bulb in their bedside lamp.""

While the question asks what type of bulb you *replaced*, the available information only confirms the type of bulb you *currently have* or *have been using*. There is no record in the provided memories of a specific replacement event or the old bulb that was removed. Therefore, based strictly on the text, the bulb in your bedside lamp is a **Philips LED bulb**.",True,Yes,d4b6776eefbb59f2b798c6d0d4e7b1730b12aad377481ce5624e6909cfc00517
lightmem,76d63226,single-session-user,What size is my new Samsung TV?,55-inch,"Your new Samsung TV is **55 inches**.

This is confirmed by the memory entry from May 21st, which states: ""User set up a new Samsung 55-inch 4K smart TV on Saturday.""",True,Yes,d6dd6b14b0978829001f09a801fc52ec39089859ac140ee8f0f88eb05669d7fb
