configuration,model,dataset,population,recorded_dev_f1_100,question_count,status,accepted,native_llm_tokens_m,native_embedding_tokens_m,mean_question_e2e_seconds,usage_status,result_path,result_sha256
r01_events,Qwen/Qwen3-8B,LoCoMo,historical_dev70,37.37069690428824,70,completed_dev_comparison_audited,False,NA,NA,NA,not_recorded_in_available_historical_evidence,/workspace/locomo-refinement/runs/pilot100_v3/r01_events_dev_items.json,7d993f673c5fe9bbd420fe8ec97ea097f85980f39cbbc6db8a6de2b39c795c79
r02_audit,Qwen/Qwen3-8B,LoCoMo,historical_dev70,48.60159428097931,70,completed_dev_comparison_audited,True,NA,NA,NA,not_recorded_in_available_historical_evidence,/workspace/locomo-refinement/runs/pilot100_v3/r02_audit_dev_items.json,8d16d36d5d3084908cd821b1f0e0a84120f340fa190fb418f7c2c653acb0c135
r03_dialogue_residual,Qwen/Qwen3-8B,LoCoMo,historical_dev70,52.7942778998271,70,completed_dev_comparison_audited,True,NA,NA,NA,not_recorded_in_available_historical_evidence,/workspace/locomo-refinement/runs/pilot100_v3/r03_dialogue_residual_dev_items.json,57d8d5409a3d5b2d7e2a3b5e762776a17001284ee88575201a7dbf1c1640a509
r04_provenance_quotes,Qwen/Qwen3-8B,LoCoMo,historical_dev70,45.115990018827496,70,completed_dev_comparison_audited,False,NA,NA,NA,not_recorded_in_available_historical_evidence,/workspace/locomo-refinement/runs/pilot100_v3/r04_provenance_quotes_dev_items.json,31b84d23b9c35ffd9144c5136999fb50a1d4636bbb874c24daa05e972df65d2d
r05_calendar_anchor,Qwen/Qwen3-8B,LoCoMo,historical_dev70,54.38938124399948,70,completed_dev_comparison_audited,True,NA,NA,NA,not_recorded_in_available_historical_evidence,/workspace/locomo-refinement/runs/continuous_v3/r05_calendar_anchor_dev_items.json,7a4aa965131680f26d5042e6c78e65fece90a6f1db8cf42098e5d28cf2a0935e
r06_calendar_month,Qwen/Qwen3-8B,LoCoMo,historical_dev70,54.86010161911774,70,completed_dev_comparison_audited,True,NA,NA,NA,not_recorded_in_available_historical_evidence,/workspace/locomo-refinement/runs/continuous_v3/r06_calendar_month_dev_items.json,5cdbfa6b82e4a5ad69bf059059859bc3ecff57e0e903c8fd502cab3c3bcbe218
r07_nonoverlap_pairs,Qwen/Qwen3-8B,LoCoMo,historical_dev70,47.950327574446575,70,completed_dev_comparison_audited,False,NA,NA,NA,not_recorded_in_available_historical_evidence,/workspace/locomo-refinement/runs/continuous_v3/r07_nonoverlap_pairs_dev_items.json,e37a0eb12410c201642c9fb908b43fbcfe01fea018a857cc82e6938d58f5e08a
r08_three_turn_blocks,Qwen/Qwen3-8B,LoCoMo,historical_dev70,54.03612465759745,70,completed_dev_comparison_audited,False,NA,NA,NA,not_recorded_in_available_historical_evidence,/workspace/locomo-refinement/runs/continuous_v3/r08_three_turn_blocks_dev_items.json,76b35419d7a46245881a133ee3755bd4666ef257f5d36424454f121f4b7c6315
r09_four_turn_blocks,Qwen/Qwen3-8B,LoCoMo,historical_dev70,54.43755016217422,70,completed_dev_comparison_audited,False,NA,NA,NA,not_recorded_in_available_historical_evidence,/workspace/locomo-refinement/runs/continuous_v3/r09_four_turn_blocks_dev_items.json,8a3eea374aebc7fcf132fc0ba649253ec5efac71be9be80eba630397bf988e33
r10_anchor_current_best,Qwen/Qwen3-8B,LoCoMo,historical_dev70,54.86010161911774,70,completed_dev_comparison_audited,False,NA,NA,NA,not_recorded_in_available_historical_evidence,/workspace/locomo-refinement/runs/continuous_v3/r10_anchor_current_best_dev_items.json,7b4a57a0620fdd085b33d75ae0d0e2d4528429e6a8bb9bde30f194b6cf6c084d
r11_social_filter,Qwen/Qwen3-8B,LoCoMo,historical_dev70,51.72034314891458,70,completed_dev_comparison_audited,False,NA,NA,NA,not_recorded_in_available_historical_evidence,/workspace/locomo-refinement/runs/continuous_v3/r11_social_filter_dev_items.json,33d93400edd9a931532e7e4073ae799fffd52d69c26df0ab2fe6a8a9e09be0c0
r12_filter_current_best,Qwen/Qwen3-8B,LoCoMo,historical_dev70,57.11886887725268,70,completed_dev_comparison_audited,True,NA,NA,NA,not_recorded_in_available_historical_evidence,/workspace/locomo-refinement/runs/continuous_v3/r12_filter_current_best_dev_items.json,ba0db4e57d4ff48d09f4e90140b5baabd7d7bfeb769c478ae1f8f91b32361489
r13_extractive_cards,Qwen/Qwen3-8B,LoCoMo,historical_dev70,41.655509780462346,70,completed_dev_comparison_audited,False,NA,NA,NA,not_recorded_in_available_historical_evidence,/workspace/locomo-refinement/runs/continuous_v3/r13_extractive_cards_dev_items.json,5ec7432339ab4ff2d05381a9212b0238d697a8fd65a881c612f1e0186579a02b
r14_anchored_cards,Qwen/Qwen3-8B,LoCoMo,historical_dev70,42.318209118886706,70,completed_dev_comparison_audited,False,NA,NA,NA,not_recorded_in_available_historical_evidence,/workspace/locomo-refinement/runs/continuous_v3/r14_anchored_cards_dev_items.json,198ed558344851a8732b44d0866e66c2b27f0291b112e98d8c3f3102bf4bb230
r15_cards_with_pairs,Qwen/Qwen3-8B,LoCoMo,historical_dev70,46.47100717197154,70,completed_dev_comparison_audited,False,NA,NA,NA,not_recorded_in_available_historical_evidence,/workspace/locomo-refinement/runs/continuous_v3/r15_cards_with_pairs_dev_items.json,287a4e55250bc7dd87a3475dc4dfd34b0603c785c2097348eeaf45d2dc7a2b18
r16_declarative_facts,Qwen/Qwen3-8B,LoCoMo,historical_dev70,42.51163574282778,70,completed_dev_comparison_audited,False,NA,NA,NA,not_recorded_in_available_historical_evidence,/workspace/locomo-refinement/runs/continuous_v3/r16_declarative_facts_dev_items.json,365a9a170de2412677045f47ac7aa04782820d70e421501a9bc29d1d2031e8f4
r17_anchored_declarative,Qwen/Qwen3-8B,LoCoMo,historical_dev70,40.34015611653672,70,completed_dev_comparison_audited,False,NA,NA,NA,not_recorded_in_available_historical_evidence,/workspace/locomo-refinement/runs/continuous_v3/r17_anchored_declarative_dev_items.json,53e782a12b116916293a13dde132878ecc9719b27647ad53ba8554267dfbcbe0
r18_declarative_with_pairs,Qwen/Qwen3-8B,LoCoMo,historical_dev70,53.21774435156552,70,completed_dev_comparison_audited,False,NA,NA,NA,not_recorded_in_available_historical_evidence,/workspace/locomo-refinement/runs/continuous_v3/r18_declarative_with_pairs_dev_items.json,6ee50adb50b712349a63d7b56c65d94e219ed795b6c2985a4c8f157ff3f116a7
r19_anchored_four_turn,Qwen/Qwen3-8B,LoCoMo,historical_dev70,53.93134104833894,70,completed_dev_comparison_audited,False,NA,NA,NA,not_recorded_in_available_historical_evidence,/workspace/locomo-refinement/runs/continuous_v3/r19_anchored_four_turn_dev_items.json,778fc8dc11075bf78ea04bb50f8228e97709d4bec79b06d3ac2066bb6e94ae05
r20_anchored_three_turn,Qwen/Qwen3-8B,LoCoMo,historical_dev70,56.04832274058229,70,completed_dev_comparison_audited,False,NA,NA,NA,not_recorded_in_available_historical_evidence,/workspace/locomo-refinement/runs/continuous_v3/r20_anchored_three_turn_dev_items.json,86c79672f01ea5abc78c4e9094a0185432ab6b79a561272bf0cb719f51b32247
r21_anchored_nonoverlap,Qwen/Qwen3-8B,LoCoMo,historical_dev70,52.01785897489059,70,completed_dev_comparison_audited,False,NA,NA,NA,not_recorded_in_available_historical_evidence,/workspace/locomo-refinement/runs/continuous_v3/r21_anchored_nonoverlap_dev_items.json,48e2b444f7e8d4152a94c7b55c295f222df1b1617b557a10a00eb61ca1bddc34
r22_anchored_fact_raw_pair,Qwen/Qwen3-8B,LoCoMo,historical_dev70,55.05931369074369,70,completed_dev_comparison_audited,False,NA,NA,NA,not_recorded_in_available_historical_evidence,/workspace/locomo-refinement/runs/continuous_v3/r22_anchored_fact_raw_pair_dev_items.json,1c8e7c3e8ffbdab924de136d282b576af05552200414e9641f56e6d9dcb3011b
r23_anchored_fact_raw_four,Qwen/Qwen3-8B,LoCoMo,historical_dev70,51.77194095141252,70,completed_dev_comparison_audited,False,NA,NA,NA,not_recorded_in_available_historical_evidence,/workspace/locomo-refinement/runs/continuous_v3/r23_anchored_fact_raw_four_dev_items.json,fc6ab9c3544c51592df0fdb2631cc387ba60f6aa497372c0555e3eb633694d02
r24_source_qa_cards,Qwen/Qwen3-8B,LoCoMo,historical_dev70,42.26198767697762,70,completed_dev_comparison_audited,False,NA,NA,NA,not_recorded_in_available_historical_evidence,/workspace/locomo-refinement/runs/continuous_v3/r24_source_qa_cards_dev_items.json,a2a1629b3f66314b8cf1d8b58de4d05d66a725f44b30b6b5df8568280d9dfd19
r25_anchored_qa_cards,Qwen/Qwen3-8B,LoCoMo,historical_dev70,46.97940894162211,70,completed_dev_comparison_audited,False,NA,NA,NA,not_recorded_in_available_historical_evidence,/workspace/locomo-refinement/runs/continuous_v3/r25_anchored_qa_cards_dev_items.json,43208cfa57fb56109191b095fa756584668c515386f0814c75f1b4cfaf3d86f1
r26_qa_cards_with_context,Qwen/Qwen3-8B,LoCoMo,historical_dev70,49.97754672444096,70,completed_dev_comparison_audited,False,NA,NA,NA,not_recorded_in_available_historical_evidence,/workspace/locomo-refinement/runs/continuous_v3/r26_qa_cards_with_context_dev_items.json,ea8821bf11aadcb85041977cf3110e346a3fce562073f877a22069ecbd4d2119
r27_filtered_three_turn,Qwen/Qwen3-8B,LoCoMo,historical_dev70,53.37998117236232,70,completed_dev_comparison_audited,False,NA,NA,NA,not_recorded_in_available_historical_evidence,/workspace/locomo-refinement/runs/continuous_v3/r27_filtered_three_turn_dev_items.json,4dd6df074455e6d07d519062417201c3f0ca8e933c25392b076e4a6f87aadde4
r28_filtered_fact_anchor,Qwen/Qwen3-8B,LoCoMo,historical_dev70,54.86440851012433,70,completed_dev_comparison_audited,False,NA,NA,NA,not_recorded_in_available_historical_evidence,/workspace/locomo-refinement/runs/continuous_v3/r28_filtered_fact_anchor_dev_items.json,f14a6ba5aa71e18d6a31d7bbbde01e422a5a3c836b5dd591773f1df4bffe9e02
r29_filtered_four_turn,Qwen/Qwen3-8B,LoCoMo,historical_dev70,54.66712789019331,70,completed_dev_comparison_audited,False,NA,NA,NA,not_recorded_in_available_historical_evidence,/workspace/locomo-refinement/runs/continuous_v3/r29_filtered_four_turn_dev_items.json,b12b15b4d7ae816782f4d494e307f03d87d1f95bac3cd69ce5323d678386affe
r30_filtered_partial_four,Qwen/Qwen3-8B,LoCoMo,historical_dev70,51.74415858648466,70,completed_dev_comparison_audited,False,NA,NA,NA,not_recorded_in_available_historical_evidence,/workspace/locomo-refinement/runs/continuous_v3/r30_filtered_partial_four_dev_items.json,d0e64cc7fd946b1cc7a3ef9091c98835dab21f28dbf484959ff6a4a8792ccada
r31_filtered_declarative,Qwen/Qwen3-8B,LoCoMo,historical_dev70,51.94690307553744,70,completed_dev_comparison_audited,False,NA,NA,NA,not_recorded_in_available_historical_evidence,/workspace/locomo-refinement/runs/continuous_v3/r31_filtered_declarative_dev_items.json,3b37a6e95652d3d6442951ccdc22fe9cab0073e98234029a2e80a1df1ef0367a
r32_anchored_single_turn,Qwen/Qwen3-8B,LoCoMo,historical_dev70,54.855694035486266,70,completed_dev_comparison_audited,False,NA,NA,NA,not_recorded_in_available_historical_evidence,/workspace/locomo-refinement/runs/continuous_v3/r32_anchored_single_turn_dev_items.json,d07cf4c8e95409274c78842fed9111de8611dc20a1a4312dbb1fc3c9af8c8681
r33_filtered_pair_blocks,Qwen/Qwen3-8B,LoCoMo,historical_dev70,54.827682388306634,70,completed_dev_comparison_audited,False,NA,NA,NA,not_recorded_in_available_historical_evidence,/workspace/locomo-refinement/runs/continuous_v3/r33_filtered_pair_blocks_dev_items.json,df2b3f75843f16c0982fcef943eb6843da9e4a24947ef60d1aa6ff2933a7e288
r34_anchored_fact_only,Qwen/Qwen3-8B,LoCoMo,historical_dev70,52.14752028646722,70,completed_dev_comparison_audited,False,NA,NA,NA,not_recorded_in_available_historical_evidence,/workspace/locomo-refinement/runs/continuous_v3/r34_anchored_fact_only_dev_items.json,355441c507b6455bd9e5e51b2526e7c2da648558c49d7a4124c239696b34c402
r35_anchored_dialogue_only,Qwen/Qwen3-8B,LoCoMo,historical_dev70,50.67571103309484,70,completed_dev_comparison_audited,False,NA,NA,NA,not_recorded_in_available_historical_evidence,/workspace/locomo-refinement/runs/continuous_v3/r35_anchored_dialogue_only_dev_items.json,bc8940fe86228b481fc5b088571d72dbca6d11394598f9799c45ba16d7acbbb2
r36_selective_anchor_filtered,Qwen/Qwen3-8B,LoCoMo,historical_dev70,56.741155421333836,70,completed_dev_comparison_audited,False,NA,NA,NA,not_recorded_in_available_historical_evidence,/workspace/locomo-refinement/runs/continuous_v3/r36_selective_anchor_filtered_dev_items.json,60d876f0374820cae697931055e780db52f34ae28a861a4e925e0db34551ff1e
r37_selective_anchor,Qwen/Qwen3-8B,LoCoMo,historical_dev70,53.972152439067024,70,completed_dev_comparison_audited,False,NA,NA,NA,not_recorded_in_available_historical_evidence,/workspace/locomo-refinement/runs/continuous_v3/r37_selective_anchor_dev_items.json,6c7a15e277d6db021139fd295312a3e1de0437b6b81206228064c44340ff12c4
r38_fused_pair,Qwen/Qwen3-8B,LoCoMo,historical_dev70,55.95140902514102,70,completed_dev_comparison_audited,False,NA,NA,NA,not_recorded_in_available_historical_evidence,/workspace/locomo-refinement/runs/continuous_v3/r38_fused_pair_dev_items.json,93f76247c562d615310013904b8223351e24a1e3da2038928b4329eef6d3bd4f
r39_fused_three_turn,Qwen/Qwen3-8B,LoCoMo,historical_dev70,53.24197059273202,70,completed_dev_comparison_audited,False,NA,NA,NA,not_recorded_in_available_historical_evidence,/workspace/locomo-refinement/runs/continuous_v3/r39_fused_three_turn_dev_items.json,941a58c9ce13c14038bcd5187edab7659c0751a2e6171b635c7e70d996d6ec51
r40_fused_four_turn,Qwen/Qwen3-8B,LoCoMo,historical_dev70,58.620301618490544,70,completed_dev_comparison_audited,True,NA,NA,NA,not_recorded_in_available_historical_evidence,/workspace/locomo-refinement/runs/continuous_v3/r40_fused_four_turn_dev_items.json,6dff679c6d3058c1db2dbd02b80c212c1a809d563a618ee38762bd53551c1a90
r41_fused_with_fact_index,Qwen/Qwen3-8B,LoCoMo,historical_dev70,53.77331563631873,70,completed_dev_comparison_audited,False,NA,NA,NA,not_recorded_in_available_historical_evidence,/workspace/locomo-refinement/runs/continuous_v3/r41_fused_with_fact_index_dev_items.json,33a611843d24311189d266817ed7291f9c17d16357c3df76755ed41f4349d555
r42_clean_source_cards,Qwen/Qwen3-8B,LoCoMo,historical_dev70,41.184030133063516,70,completed_dev_comparison_audited,False,NA,NA,NA,not_recorded_in_available_historical_evidence,/workspace/locomo-refinement/runs/continuous_v3/r42_clean_source_cards_dev_items.json,9d1be216e4a35e702281727df0cbae6cdfd0faad566d69ad5b61717dc1dd04fe
r43_clean_anchored_cards,Qwen/Qwen3-8B,LoCoMo,historical_dev70,44.946303817102134,70,completed_dev_comparison_audited,False,NA,NA,NA,not_recorded_in_available_historical_evidence,/workspace/locomo-refinement/runs/continuous_v3/r43_clean_anchored_cards_dev_items.json,7b23c2d0ecfc8aa9a151e993fe6c338bef0960f00de6cb951191dde8f0dbdec4
r44_clean_cards_with_context,Qwen/Qwen3-8B,LoCoMo,historical_dev70,55.395536359556694,70,completed_dev_comparison_audited,False,NA,NA,NA,not_recorded_in_available_historical_evidence,/workspace/locomo-refinement/runs/continuous_v3/r44_clean_cards_with_context_dev_items.json,1dcee3990f461c3bbab8e0fd885794d574d6821dadd4320e8d710a75d7408db8
r45_entity_profiles,Qwen/Qwen3-8B,LoCoMo,historical_dev70,54.50541718198407,70,completed_dev_comparison_audited,False,NA,NA,NA,not_recorded_in_available_historical_evidence,/workspace/locomo-refinement/runs/continuous_v3/r45_entity_profiles_dev_items.json,0a7f8e4b55281ad527a9c98b096aa57a789bf2e91eb892fbf7d117f38aaae276
r46_entity_profiles_only,Qwen/Qwen3-8B,LoCoMo,historical_dev70,7.839049215269268,70,completed_dev_comparison_audited,False,NA,NA,NA,not_recorded_in_available_historical_evidence,/workspace/locomo-refinement/runs/continuous_v3/r46_entity_profiles_only_dev_items.json,aa994e9eea726afff481c0ec166c6fb6d24a844c9323f0b4db74419e55987c05
r47_profiles_with_context,Qwen/Qwen3-8B,LoCoMo,historical_dev70,47.515741324000224,70,completed_dev_comparison_audited,False,NA,NA,NA,not_recorded_in_available_historical_evidence,/workspace/locomo-refinement/runs/continuous_v3/r47_profiles_with_context_dev_items.json,78021ff7d68371f0c2140a94166aeb3d8bd4ba9f9fd08b6925dbb6e2e98572bf
r48_salient_dialogue,Qwen/Qwen3-8B,LoCoMo,historical_dev70,58.14040777972295,70,completed_dev_comparison_audited,False,NA,NA,NA,not_recorded_in_available_historical_evidence,/workspace/locomo-refinement/runs/continuous_v3/r48_salient_dialogue_dev_items.json,20f6150d8646ac76e39bf3eaed4a7817da582150b99184b8ffd0d087569dba75
r49_salient_dialogue_only,Qwen/Qwen3-8B,LoCoMo,historical_dev70,45.44015514582153,70,completed_dev_comparison_audited,False,NA,NA,NA,not_recorded_in_available_historical_evidence,/workspace/locomo-refinement/runs/continuous_v3/r49_salient_dialogue_only_dev_items.json,89819e410e4a90c765fa2a4ae4e541e3ddff50d8c20752370d3554f4976b21f7
r50_salient_longer_context,Qwen/Qwen3-8B,LoCoMo,historical_dev70,57.398978513063284,70,completed_dev_comparison_audited,False,NA,NA,NA,not_recorded_in_available_historical_evidence,/workspace/locomo-refinement/runs/continuous_v3/r50_salient_longer_context_dev_items.json,45f562d83ef3c50f64bcaac33f3b1098d395b933dc7079720842b06dc43d97ae
r50a_fused_five_turn,Qwen/Qwen3-8B,LoCoMo,historical_dev70,56.32449583760978,70,completed_dev_comparison_audited,False,NA,NA,NA,not_recorded_in_available_historical_evidence,/workspace/locomo-refinement/runs/continuous_v3/r50a_fused_five_turn_dev_items.json,943cf50039bd104b2d0dc6da9bdd50062281f43168da202a64792da833eadbfa
r50b_fused_six_turn,Qwen/Qwen3-8B,LoCoMo,historical_dev70,52.9559710404538,70,completed_dev_comparison_audited,False,NA,NA,NA,not_recorded_in_available_historical_evidence,/workspace/locomo-refinement/runs/continuous_v3/r50b_fused_six_turn_dev_items.json,f77aa65d045e335e148ac5d035945a9ccbadcc79d1e7d983b8a7fc3e25cef978
r50c_fused_stride_one,Qwen/Qwen3-8B,LoCoMo,historical_dev70,54.31121947747564,70,completed_dev_comparison_audited,False,NA,NA,NA,not_recorded_in_available_historical_evidence,/workspace/locomo-refinement/runs/continuous_v3/r50c_fused_stride_one_dev_items.json,73f8690c5915d1cec7f6b96eaa0e50ed4ff1af980104d85a174e601b3ac3c3cd
m01_fused_without_rules,Qwen/Qwen3-8B,LoCoMo,historical_dev70,46.91930880254609,70,completed_dev_comparison_audited,False,NA,NA,NA,not_recorded_in_available_historical_evidence,/workspace/locomo-refinement/runs/continuous_v3/m01_fused_without_rules_dev_items.json,5a0cbc36167a09cb862e1d3ccf1d704ddcd0eb3f856f4c32950955f6dd80d50c
m02_split_without_rules,Qwen/Qwen3-8B,LoCoMo,historical_dev70,46.360705382931826,70,completed_dev_comparison_audited,False,NA,NA,NA,not_recorded_in_available_historical_evidence,/workspace/locomo-refinement/runs/continuous_v3/m02_split_without_rules_dev_items.json,ec689677b20a870ad64c2e3631a9d9ddb7f96ecbe7f28119babe437f43bd187f
m03_key_only_intervention,Qwen/Qwen3-8B,LoCoMo,historical_dev70,45.85902988681856,70,completed_dev_comparison_audited,False,NA,NA,NA,not_recorded_in_available_historical_evidence,/workspace/locomo-refinement/runs/continuous_v3/m03_key_only_intervention_dev_items.json,5b3c75077beb827ccd189b882656fa25eca656709469bacd2101262bba13889d
m04_index_without_rules,Qwen/Qwen3-8B,LoCoMo,historical_dev70,49.1908878782354,70,completed_dev_comparison_audited,False,NA,NA,NA,not_recorded_in_available_historical_evidence,/workspace/locomo-refinement/runs/continuous_v3/m04_index_without_rules_dev_items.json,7aa861755a9ad77a39fd2c88b98196cce9c6535eff8b9ea10d139ba9cbf934ec
r67_split_best_fused,Qwen/Qwen3-8B,LoCoMo,historical_dev70,46.94593624190698,70,completed_dev_comparison_audited,False,NA,NA,NA,not_recorded_in_available_historical_evidence,/workspace/locomo-refinement/runs/continuous_v3/r67_split_best_fused_dev_items.json,2e905603e6bd015411f1b96f469fa3d44f84b5099e43ceb414917bde1147af73
r68_fused_key_both_payload,Qwen/Qwen3-8B,LoCoMo,historical_dev70,48.197618887334414,70,completed_dev_comparison_audited,False,NA,NA,NA,not_recorded_in_available_historical_evidence,/workspace/locomo-refinement/runs/continuous_v3/r68_fused_key_both_payload_dev_items.json,b2edced8716ad7ccfb2bc9b44dff40c6bbb246cd06affb25ee7021f139f75cfc
r53_fact_index_source_payload,Qwen/Qwen3-8B,LoCoMo,historical_dev70,48.13481542806348,70,completed_dev_comparison_audited,False,NA,NA,NA,not_recorded_in_available_historical_evidence,/workspace/locomo-refinement/runs/continuous_v3/r53_fact_index_source_payload_dev_items.json,e01dfbe23670c9a8c62f0515179b7e7c6a5dec2b6a99d22d5bcf6096bffb35ac
r57_indexed_summary_and_source,Qwen/Qwen3-8B,LoCoMo,historical_dev70,52.877953703583955,70,completed_dev_comparison_audited,False,NA,NA,NA,not_recorded_in_available_historical_evidence,/workspace/locomo-refinement/runs/continuous_v3/r57_indexed_summary_and_source_dev_items.json,8dad3fe30531d755671daac1092c8884acbdfe96d43732fc0f351e43cbe747e6
r58_indexed_source_control,Qwen/Qwen3-8B,LoCoMo,historical_dev70,54.391230867034466,70,completed_dev_comparison_audited,False,NA,NA,NA,not_recorded_in_available_historical_evidence,/workspace/locomo-refinement/runs/continuous_v3/r58_indexed_source_control_dev_items.json,eb58bc4bd0b74ff7fb6a2789536e398edaf882b2bbc26853c1a6d096e78dc262
r59_indexed_without_residual,Qwen/Qwen3-8B,LoCoMo,historical_dev70,46.306257162632846,70,completed_dev_comparison_audited,False,NA,NA,NA,not_recorded_in_available_historical_evidence,/workspace/locomo-refinement/runs/continuous_v3/r59_indexed_without_residual_dev_items.json,be314af24dc33f41566ec1f55d071a40dcd2938f1d3352127317604b4ac2d0a2
b00_raw,Qwen/Qwen3-8B,LoCoMo,historical_dev70,45.96703013030443,70,completed_dev_comparison_audited,False,NA,NA,NA,not_recorded_in_available_historical_evidence,/workspace/locomo-refinement/runs/budgeted_evidence_v1/b00_raw_dev_items.json,90a14e8a059a72e4e965b54e3252ddd838db8063bd39f2fb6284893a621bac39
b_full_125,Qwen/Qwen3-8B,LoCoMo,historical_dev70,45.468762354230336,70,completed_dev_comparison_audited,False,NA,NA,NA,not_recorded_in_available_historical_evidence,/workspace/locomo-refinement/runs/budgeted_evidence_v1/b_full_125_dev_items.json,a0e694806a4a8286951eb9d2c76c24a69834100fe426b6e9d30e0397f5b9b5f3
b_single_125,Qwen/Qwen3-8B,LoCoMo,historical_dev70,46.51141318998462,70,completed_dev_comparison_audited,False,NA,NA,NA,not_recorded_in_available_historical_evidence,/workspace/locomo-refinement/runs/budgeted_evidence_v1/b_single_125_dev_items.json,12b92ff12a9ad37bd6d2b6111059f1a20b6a964ac2bd2b76841c59d582c96b87
b_joint_125,Qwen/Qwen3-8B,LoCoMo,historical_dev70,47.81510389703667,70,completed_dev_comparison_audited,False,NA,NA,NA,not_recorded_in_available_historical_evidence,/workspace/locomo-refinement/runs/budgeted_evidence_v1/b_joint_125_dev_items.json,efb6da984e1dcc3776ce3c76bab8e2e80835a06c293a6bcaa18fb34e489f9860
b_single_verified_125,Qwen/Qwen3-8B,LoCoMo,historical_dev70,46.51141318998462,70,completed_dev_comparison_audited,False,NA,NA,NA,not_recorded_in_available_historical_evidence,/workspace/locomo-refinement/runs/budgeted_evidence_v1/b_single_verified_125_dev_items.json,0cd0e3f0cf9bac3c16c10f0cdecd812330cda06a58a32f91693c152bb8ff5d91
b_joint_verified_125,Qwen/Qwen3-8B,LoCoMo,historical_dev70,47.888363970296744,70,completed_dev_comparison_audited,False,NA,NA,NA,not_recorded_in_available_historical_evidence,/workspace/locomo-refinement/runs/budgeted_evidence_v1/b_joint_verified_125_dev_items.json,86fdc1f2401701254be10c9b1eb3e232eb5361f7f388812fad494924c7e16fa7
b_full_150,Qwen/Qwen3-8B,LoCoMo,historical_dev70,45.468762354230336,70,completed_dev_comparison_audited,False,NA,NA,NA,not_recorded_in_available_historical_evidence,/workspace/locomo-refinement/runs/budgeted_evidence_v1/b_full_150_dev_items.json,6eda3d9d7d88d11575394ee505830b62137b4554d484fca9bdecee1ec03d6382
b_single_150,Qwen/Qwen3-8B,LoCoMo,historical_dev70,46.51141318998462,70,completed_dev_comparison_audited,False,NA,NA,NA,not_recorded_in_available_historical_evidence,/workspace/locomo-refinement/runs/budgeted_evidence_v1/b_single_150_dev_items.json,46b2308f63b86b2231f32686ac144546c684da413e0e47a6cda2fe7e8ec61ae7
b_joint_150,Qwen/Qwen3-8B,LoCoMo,historical_dev70,47.81510389703667,70,completed_dev_comparison_audited,False,NA,NA,NA,not_recorded_in_available_historical_evidence,/workspace/locomo-refinement/runs/budgeted_evidence_v1/b_joint_150_dev_items.json,d19cd702a1ec451d8fcf43492880799327fab449f7c4897a46f07d0656253dc3
b_single_verified_150,Qwen/Qwen3-8B,LoCoMo,historical_dev70,46.51141318998462,70,completed_dev_comparison_audited,False,NA,NA,NA,not_recorded_in_available_historical_evidence,/workspace/locomo-refinement/runs/budgeted_evidence_v1/b_single_verified_150_dev_items.json,6b3442f66c12223ccd035c42c84375c50ef2fb2dcc07616929396749857b1f8e
b_joint_verified_150,Qwen/Qwen3-8B,LoCoMo,historical_dev70,47.888363970296744,70,completed_dev_comparison_audited,False,NA,NA,NA,not_recorded_in_available_historical_evidence,/workspace/locomo-refinement/runs/budgeted_evidence_v1/b_joint_verified_150_dev_items.json,0bdc23ca0b2bb165f86fcb02a9c2a5ea12ed17d5ee1155a1f2f71df8e4264765
s_raw_single_2000,Qwen/Qwen3-8B,LoCoMo,historical_dev70,57.52157444174251,70,completed_dev_comparison_audited,False,NA,NA,NA,not_recorded_in_available_historical_evidence,/workspace/locomo-refinement/runs/parent_evidence_v1/s_raw_single_2000_dev_items.json,57e2844c7980eaca8cd9a5d895ee963dc697f9d655d7b2baa73429ab7f6a3f14
s_raw_joint_2000,Qwen/Qwen3-8B,LoCoMo,historical_dev70,55.714696134864205,70,completed_dev_comparison_audited,False,NA,NA,NA,not_recorded_in_available_historical_evidence,/workspace/locomo-refinement/runs/parent_evidence_v1/s_raw_joint_2000_dev_items.json,3486939c1af7cae1e1f89a83ac8a20da0a957c0b685fc69786d1f7c1e4f69309
s_raw_joint_verified_2000,Qwen/Qwen3-8B,LoCoMo,historical_dev70,55.714696134864205,70,completed_dev_comparison_audited,False,NA,NA,NA,not_recorded_in_available_historical_evidence,/workspace/locomo-refinement/runs/parent_evidence_v1/s_raw_joint_verified_2000_dev_items.json,26d6bc935cfabadd606ead6fb34fde6947a70977c7f398879b3b8951e2d668a4
s_parent_single_2000,Qwen/Qwen3-8B,LoCoMo,historical_dev70,59.27437370002835,70,completed_dev_comparison_audited,True,NA,NA,NA,not_recorded_in_available_historical_evidence,/workspace/locomo-refinement/runs/parent_evidence_v1/s_parent_single_2000_dev_items.json,5f90f9cef21ba36cf94f883054f09d223fb58b0d9c5c9afd69a347a03b6f84ba
s_parent_joint_2000,Qwen/Qwen3-8B,LoCoMo,historical_dev70,59.0149109405656,70,completed_dev_comparison_audited,False,NA,NA,NA,not_recorded_in_available_historical_evidence,/workspace/locomo-refinement/runs/parent_evidence_v1/s_parent_joint_2000_dev_items.json,50665c8bcc41dacef0dd05139c4bf1c38d0896326890779cf80e98e1b45e4df6
s_parent_single_verified_2000,Qwen/Qwen3-8B,LoCoMo,historical_dev70,57.036452890678966,70,completed_dev_comparison_audited,False,NA,NA,NA,not_recorded_in_available_historical_evidence,/workspace/locomo-refinement/runs/parent_evidence_v1/s_parent_single_verified_2000_dev_items.json,7dc8d28615c7830c48cfb77512541258b03132ef322723a5f95dfa83a3fecf1a
s_parent_joint_verified_2000,Qwen/Qwen3-8B,LoCoMo,historical_dev70,57.86411728977194,70,completed_dev_comparison_audited,False,NA,NA,NA,not_recorded_in_available_historical_evidence,/workspace/locomo-refinement/runs/parent_evidence_v1/s_parent_joint_verified_2000_dev_items.json,9598066deea2c212f70d6e221b4a3d23d65d73b1507dffe540982a3b2e08f708
s_raw_single_4000,Qwen/Qwen3-8B,LoCoMo,historical_dev70,55.714696134864205,70,completed_dev_comparison_audited,False,NA,NA,NA,not_recorded_in_available_historical_evidence,/workspace/locomo-refinement/runs/parent_evidence_v1/s_raw_single_4000_dev_items.json,486ae468422973a133437a3b816d715450e208256f9bdb306ba0686171b0ff50
s_raw_joint_4000,Qwen/Qwen3-8B,LoCoMo,historical_dev70,55.886653806821876,70,completed_dev_comparison_audited,False,NA,NA,NA,not_recorded_in_available_historical_evidence,/workspace/locomo-refinement/runs/parent_evidence_v1/s_raw_joint_4000_dev_items.json,0f27a4ab1a70a91099bd4f29ab1b48f494c78b23cb053422dfdb6bedae7a0547
s_raw_joint_verified_4000,Qwen/Qwen3-8B,LoCoMo,historical_dev70,55.714696134864205,70,completed_dev_comparison_audited,False,NA,NA,NA,not_recorded_in_available_historical_evidence,/workspace/locomo-refinement/runs/parent_evidence_v1/s_raw_joint_verified_4000_dev_items.json,69efb76f0c76e157291cac5fac3285731be388dca6a5c2fb0e47d4e06240daf2
s_parent_single_4000,Qwen/Qwen3-8B,LoCoMo,historical_dev70,58.016339683402165,70,completed_dev_comparison_audited,False,NA,NA,NA,not_recorded_in_available_historical_evidence,/workspace/locomo-refinement/runs/parent_evidence_v1/s_parent_single_4000_dev_items.json,bf7dcf08999a86211977d0e51de25bda7c56c60f5ad8f980d17372b994eaa6cc
s_parent_joint_4000,Qwen/Qwen3-8B,LoCoMo,historical_dev70,58.016339683402165,70,completed_dev_comparison_audited,False,NA,NA,NA,not_recorded_in_available_historical_evidence,/workspace/locomo-refinement/runs/parent_evidence_v1/s_parent_joint_4000_dev_items.json,63cb7d7cd76076b1342947b4f9d9fe4a8067f9e721387de8f36f1c6c2f6872db
s_parent_single_verified_4000,Qwen/Qwen3-8B,LoCoMo,historical_dev70,58.08949648235362,70,completed_dev_comparison_audited,False,NA,NA,NA,not_recorded_in_available_historical_evidence,/workspace/locomo-refinement/runs/parent_evidence_v1/s_parent_single_verified_4000_dev_items.json,19e11fb5cfdcc3a7f219b2b7dcd59843abfdbb88a913589cdfba20d82b50682d
s_parent_joint_verified_4000,Qwen/Qwen3-8B,LoCoMo,historical_dev70,58.137115529972675,70,completed_dev_comparison_audited,False,NA,NA,NA,not_recorded_in_available_historical_evidence,/workspace/locomo-refinement/runs/parent_evidence_v1/s_parent_joint_verified_4000_dev_items.json,f9d99ef993b2512b89ab8d4eed6d5396313c663a226924acf32718b08e82d7c7
t_source_selected,Qwen/Qwen3-8B,LoCoMo,historical_dev70,59.12745079451328,70,completed_dev_comparison_audited,False,NA,NA,NA,not_recorded_in_available_historical_evidence,/workspace/locomo-refinement/runs/retrieval_contract_v1/t_source_selected_dev_items.json,7f4a17f65666601638fd1fd7dfa5e3aa182b3f524a1f7634da6b0c54ccedb7da
v_crossview_selected,Qwen/Qwen3-8B,LoCoMo,historical_dev70,56.661858760598264,70,completed_dev_comparison_audited,False,NA,NA,NA,not_recorded_in_available_historical_evidence,/workspace/locomo-refinement/runs/crossview_refinement_v1/v_crossview_selected_dev_items.json,5f668192891b0cb6f4aa7fe6569d5e1101d088adc4ea3fdf3febd3d6f4b86b6d
w_best_payload,Qwen/Qwen3-8B,LoCoMo,historical_dev70,58.620301618490544,70,completed_dev_comparison_audited,False,NA,NA,NA,not_recorded_in_available_historical_evidence,/workspace/locomo-refinement/runs/identity_refinement_v1/w_best_payload_dev_items.json,c50b20c3789a69a4c554f0d5ecebf322b5b71db0e7bc910cdfc03ac57b2c2359
w_best_union,Qwen/Qwen3-8B,LoCoMo,historical_dev70,55.94612787178252,70,completed_dev_comparison_audited,False,NA,NA,NA,not_recorded_in_available_historical_evidence,/workspace/locomo-refinement/runs/identity_refinement_v1/w_best_union_dev_items.json,551c4a2607951d780f6c17cc5b566ac5ba903d0fecb151faaaa2da877f83e2bd
w_best_cues,Qwen/Qwen3-8B,LoCoMo,historical_dev70,58.039684834797626,70,completed_dev_comparison_audited,False,NA,NA,NA,not_recorded_in_available_historical_evidence,/workspace/locomo-refinement/runs/identity_refinement_v1/w_best_cues_dev_items.json,1caf08cafab820f647b80d89d5e73afea6e522365b46cf4d377c35dd41ecb341
w_q0_payload,Qwen/Qwen3-8B,LoCoMo,historical_dev70,57.65469315288209,70,completed_dev_comparison_audited,False,NA,NA,NA,not_recorded_in_available_historical_evidence,/workspace/locomo-refinement/runs/identity_refinement_v1/w_q0_payload_dev_items.json,ee9123186460b9e207f00f3c087664b324bf6eb254c95a52499d71248f7dd162
w_q0_union,Qwen/Qwen3-8B,LoCoMo,historical_dev70,56.422318347973,70,completed_dev_comparison_audited,False,NA,NA,NA,not_recorded_in_available_historical_evidence,/workspace/locomo-refinement/runs/identity_refinement_v1/w_q0_union_dev_items.json,5708049d2860c7aa73be4da941bc24055abb17138fbcd3896949c230578ac0a0
w_q0_cues,Qwen/Qwen3-8B,LoCoMo,historical_dev70,56.07866306508157,70,completed_dev_comparison_audited,False,NA,NA,NA,not_recorded_in_available_historical_evidence,/workspace/locomo-refinement/runs/identity_refinement_v1/w_q0_cues_dev_items.json,3e61c3650096c1b70b3ac12c0be6021e344dbcd14a49d5c39a1ace4e1d129d1e
w_view_payload,Qwen/Qwen3-8B,LoCoMo,historical_dev70,58.38220638039532,70,completed_dev_comparison_audited,False,NA,NA,NA,not_recorded_in_available_historical_evidence,/workspace/locomo-refinement/runs/identity_refinement_v1/w_view_payload_dev_items.json,02d6dd592bfbe554dd89d2de0ff18b61f4330bdaa895955e4cbd562bfcbfe0dc
w_view_union,Qwen/Qwen3-8B,LoCoMo,historical_dev70,55.743372106807875,70,completed_dev_comparison_audited,False,NA,NA,NA,not_recorded_in_available_historical_evidence,/workspace/locomo-refinement/runs/identity_refinement_v1/w_view_union_dev_items.json,7bb41f9a240f7fd44ecc0a62991ea5407b5f542b56e7a799b239aa0d2f8beb7f
w_view_cues,Qwen/Qwen3-8B,LoCoMo,historical_dev70,56.688439415791336,70,completed_dev_comparison_audited,False,NA,NA,NA,not_recorded_in_available_historical_evidence,/workspace/locomo-refinement/runs/identity_refinement_v1/w_view_cues_dev_items.json,82fa8f837a527742440f0dece64eadab2f2cd236f6759605e9d7a09311153c3d
x_literal_2000,Qwen/Qwen3-8B,LoCoMo,historical_dev70,57.612196278452444,70,completed_dev_comparison_audited,False,NA,NA,NA,not_recorded_in_available_historical_evidence,/workspace/locomo-refinement/runs/contrastive_events_v1/x_literal_2000_dev_items.json,0ad726de2d2fb3b672eeeab1b14a6f32e792731147540402d11bbc846f0a8c4a
x_contrastive_2000,Qwen/Qwen3-8B,LoCoMo,historical_dev70,58.644205843412024,70,completed_dev_comparison_audited,False,NA,NA,NA,not_recorded_in_available_historical_evidence,/workspace/locomo-refinement/runs/contrastive_events_v1/x_contrastive_2000_dev_items.json,6c4eb80750bc0b4cec577cfcd4538b2efe7e3d36c4795527fb3b8fdb84b9528b
x_literal_4000,Qwen/Qwen3-8B,LoCoMo,historical_dev70,55.95855362480978,70,completed_dev_comparison_audited,False,NA,NA,NA,not_recorded_in_available_historical_evidence,/workspace/locomo-refinement/runs/contrastive_events_v1/x_literal_4000_dev_items.json,bc995b1d679a8e0b3728ba144d8a1dcddd69517af4801a2828317cfe65d0b684
x_contrastive_4000,Qwen/Qwen3-8B,LoCoMo,historical_dev70,57.691824891031075,70,completed_dev_comparison_audited,False,NA,NA,NA,not_recorded_in_available_historical_evidence,/workspace/locomo-refinement/runs/contrastive_events_v1/x_contrastive_4000_dev_items.json,04646dbe133b43238d7bad683a08e61aae9a2614b08c26875abc4c06f7f9aea3
y_radius_003,Qwen/Qwen3-8B,LoCoMo,historical_dev70,56.77097233948414,70,completed_dev_comparison_audited,False,NA,NA,NA,not_recorded_in_available_historical_evidence,/workspace/locomo-refinement/runs/source_index_v1/y_radius_003_dev_items.json,af403027544abfcdd247e78efb26ab469f3446448c3806bc0951c36aca935f00
y_radius_010,Qwen/Qwen3-8B,LoCoMo,historical_dev70,57.34955232155761,70,completed_dev_comparison_audited,False,NA,NA,NA,not_recorded_in_available_historical_evidence,/workspace/locomo-refinement/runs/source_index_v1/y_radius_010_dev_items.json,4e8d2b433b60558dc382a158bfe8066c80104f9c82c8ad88f57af6803e6cf920
y_radius_030,Qwen/Qwen3-8B,LoCoMo,historical_dev70,56.67315259437108,70,completed_dev_comparison_audited,False,NA,NA,NA,not_recorded_in_available_historical_evidence,/workspace/locomo-refinement/runs/source_index_v1/y_radius_030_dev_items.json,48fd2ad372a84e96012593dbfac4f2343f2d866fe0b6d492b7249989f6dcd94b
z_within_010,Qwen/Qwen3-8B,LoCoMo,historical_dev70,55.12337530194673,70,completed_dev_comparison_audited,False,NA,NA,NA,not_recorded_in_available_historical_evidence,/workspace/locomo-refinement/runs/transfer_index_v1/z_within_010_dev_items.json,4f2bf1b3ae1d3177bcadb232f4ca06ff084839efc3783fa29ecb45200d751d8f
z_transfer_010,Qwen/Qwen3-8B,LoCoMo,historical_dev70,56.63650336018756,70,completed_dev_comparison_audited,False,NA,NA,NA,not_recorded_in_available_historical_evidence,/workspace/locomo-refinement/runs/transfer_index_v1/z_transfer_010_dev_items.json,d682a5fcb509a73435285ad7c992ea938dad03f865189253a55d0a6261d3a8b3
z_within_030,Qwen/Qwen3-8B,LoCoMo,historical_dev70,56.74218207300914,70,completed_dev_comparison_audited,False,NA,NA,NA,not_recorded_in_available_historical_evidence,/workspace/locomo-refinement/runs/transfer_index_v1/z_within_030_dev_items.json,96851d4de62e266af94e8f3f2aeddfe382304c0871406fbae2639100b4abe9ce
z_transfer_030,Qwen/Qwen3-8B,LoCoMo,historical_dev70,53.29468061087872,70,completed_dev_comparison_audited,False,NA,NA,NA,not_recorded_in_available_historical_evidence,/workspace/locomo-refinement/runs/transfer_index_v1/z_transfer_030_dev_items.json,554459729220c4eba43a265298917f34498a419edc713cff3a5dfd4f6599d387
aa_raw,Qwen/Qwen3-8B,LoCoMo,historical_dev70,52.733618142146256,70,completed_dev_comparison_audited,False,NA,NA,NA,not_recorded_in_available_historical_evidence,/workspace/locomo-refinement/runs/provenance_payload_v2/aa_raw_dev_items.json,a0a39bf0ed83be95a255c7aeac736128abc6f90dcf8288a2b39369908dc21c52
aa_normalized,Qwen/Qwen3-8B,LoCoMo,historical_dev70,48.24186060019088,70,completed_dev_comparison_audited,False,NA,NA,NA,not_recorded_in_available_historical_evidence,/workspace/locomo-refinement/runs/provenance_payload_v2/aa_normalized_dev_items.json,c5b7e40b2fd9ed7a9dd1e46b632c6cc0d48bfbf092a91d682e5df7713ac64dcc
aa_supported,Qwen/Qwen3-8B,LoCoMo,historical_dev70,48.03497784708964,70,completed_dev_comparison_audited,False,NA,NA,NA,not_recorded_in_available_historical_evidence,/workspace/locomo-refinement/runs/provenance_payload_v2/aa_supported_dev_items.json,50d80f1e07a8f1e30b5a85a914bcc46fd5e85ac02a1ecba66e54e5ac9f6781ad
aa_dependent,Qwen/Qwen3-8B,LoCoMo,historical_dev70,48.30937933521871,70,completed_dev_comparison_audited,False,NA,NA,NA,not_recorded_in_available_historical_evidence,/workspace/locomo-refinement/runs/provenance_payload_v2/aa_dependent_dev_items.json,efc94ee701191b9e934de311ff0f6c0fe4fadcf181194ace6a7f4756699f4980
ab_supported_2000,Qwen/Qwen3-8B,LoCoMo,historical_dev70,57.46250403947448,70,completed_dev_comparison_audited,False,NA,NA,NA,not_recorded_in_available_historical_evidence,/workspace/locomo-refinement/runs/coverage_routes_v1/ab_supported_2000_dev_items.json,f947517a2eede5ed10220d7c1c7e6749a939dbd8e9d911fd8c25c5aeeff1707f
ab_dependent_2000,Qwen/Qwen3-8B,LoCoMo,historical_dev70,56.402290560143356,70,completed_dev_comparison_audited,False,NA,NA,NA,not_recorded_in_available_historical_evidence,/workspace/locomo-refinement/runs/coverage_routes_v1/ab_dependent_2000_dev_items.json,e8fec718e458f3fd6ee2a3ab67b32e76981eb9f47cc754b5d6783bf00598db08
ab_supported_4000,Qwen/Qwen3-8B,LoCoMo,historical_dev70,55.12149187703375,70,completed_dev_comparison_audited,False,NA,NA,NA,not_recorded_in_available_historical_evidence,/workspace/locomo-refinement/runs/coverage_routes_v1/ab_supported_4000_dev_items.json,8fb64f7abb912320aeaca6b95c97bd1a10666b18977aa31874e78dcfbe962ff0
ab_dependent_4000,Qwen/Qwen3-8B,LoCoMo,historical_dev70,56.721743171581416,70,completed_dev_comparison_audited,False,NA,NA,NA,not_recorded_in_available_historical_evidence,/workspace/locomo-refinement/runs/coverage_routes_v1/ab_dependent_4000_dev_items.json,baba9ea451764117846c8aad7e92aa8aee9d43fe321d9e536e27ec3427c90c8a
ac_copy_2000,Qwen/Qwen3-8B,LoCoMo,historical_dev70,57.46250403947448,70,completed_dev_comparison_audited,False,NA,NA,NA,not_recorded_in_available_historical_evidence,/workspace/locomo-refinement/runs/identity_routes_v1/ac_copy_2000_dev_items.json,795845c58e46a9c63c6dd9517493c31af8e494d64a18ce5ccf0db0b24bf85813
ac_union_2000,Qwen/Qwen3-8B,LoCoMo,historical_dev70,56.156977937895746,70,completed_dev_comparison_audited,False,NA,NA,NA,not_recorded_in_available_historical_evidence,/workspace/locomo-refinement/runs/identity_routes_v1/ac_union_2000_dev_items.json,3043c883b51e92ae7598db16e6e17e07111dd0efcf68a5c21943afabf35f7830
ac_replace_2000,Qwen/Qwen3-8B,LoCoMo,historical_dev70,57.80196390910677,70,completed_dev_comparison_audited,False,NA,NA,NA,not_recorded_in_available_historical_evidence,/workspace/locomo-refinement/runs/identity_routes_v1/ac_replace_2000_dev_items.json,14485007abc559fb734ef8d462505a3cbf8c49ec8857d08b09fdb134e7603813
ac_copy_4000,Qwen/Qwen3-8B,LoCoMo,historical_dev70,55.12149187703375,70,completed_dev_comparison_audited,False,NA,NA,NA,not_recorded_in_available_historical_evidence,/workspace/locomo-refinement/runs/identity_routes_v1/ac_copy_4000_dev_items.json,488477f09ba938612e324d5f8e299ded82825caf0d4d847cb61fd906c6cb9ef5
ac_union_4000,Qwen/Qwen3-8B,LoCoMo,historical_dev70,57.23184051730963,70,completed_dev_comparison_audited,False,NA,NA,NA,not_recorded_in_available_historical_evidence,/workspace/locomo-refinement/runs/identity_routes_v1/ac_union_4000_dev_items.json,274ea712fc634a134ffeb05ebb609074adc19156a1f17cb1fa64ac8cb05c927b
ac_replace_4000,Qwen/Qwen3-8B,LoCoMo,historical_dev70,53.10910121624407,70,completed_dev_comparison_audited,False,NA,NA,NA,not_recorded_in_available_historical_evidence,/workspace/locomo-refinement/runs/identity_routes_v1/ac_replace_4000_dev_items.json,ab1e6124a8c86d578b37746b109a87ac5a6a5eae3b449741bb175a49897fe49c
ad_read_1536,Qwen/Qwen3-8B,LoCoMo,historical_dev70,54.77011008788503,70,completed_dev_comparison_audited,False,NA,NA,NA,not_recorded_in_available_historical_evidence,/workspace/locomo-refinement/runs/read_budget_v1/ad_read_1536_dev_items.json,02da1358feffeea69f568a72387ea8e93ad6b99ce8c0b391e3a03c88d44b3e50
ad_read_1024,Qwen/Qwen3-8B,LoCoMo,historical_dev70,50.17534010665177,70,completed_dev_comparison_audited,False,NA,NA,NA,not_recorded_in_available_historical_evidence,/workspace/locomo-refinement/runs/read_budget_v1/ad_read_1024_dev_items.json,ce55a9ce4d90f81500de57c9cf6aacdbe6ac2fe2ba451b95012db7b4c5ca3a41
