configuration,family,description_ko,model,population,n,f1_100,recorded_role,accepted,result_path,result_sha256
"r00_session10","초기 추출","대화 세션 전체를 읽고 세션당 최대 10개 사실을 추출하는 시작 기준. 이름의 10은 턴 수가 아님.","Qwen/Qwen3-8B","historical_dev70","70","47.555170281278656","초기 기준","true","/workspace/locomo-refinement/runs/pilot100_v3/r00_session10_dev_items.json","8ed661ace9cd9d315c9af52865a2abf6840e04d4ff7d077cfacd03c8267eb0f0"
"r01_events","초기 추출","사실을 사건 중심 메모리로 구성하는 대안.","Qwen/Qwen3-8B","historical_dev70","70","37.37069690428824","미채택","false","/workspace/locomo-refinement/runs/pilot100_v3/r01_events_dev_items.json","7d993f673c5fe9bbd420fe8ec97ea097f85980f39cbbc6db8a6de2b39c795c79"
"r02_audit","초기 추출","기존 메모리를 원문과 대조해 빠진 사실을 보강.","Qwen/Qwen3-8B","historical_dev70","70","48.60159428097931","개선 채택","true","/workspace/locomo-refinement/runs/pilot100_v3/r02_audit_dev_items.json","8d16d36d5d3084908cd821b1f0e0a84120f340fa190fb418f7c2c653acb0c135"
"r03_dialogue_residual","초기 추출","추출 메모리에 원문 대화 블록을 추가해 요약에서 누락되는 정보 보존.","Qwen/Qwen3-8B","historical_dev70","70","52.7942778998271","개선 채택","true","/workspace/locomo-refinement/runs/pilot100_v3/r03_dialogue_residual_dev_items.json","57d8d5409a3d5b2d7e2a3b5e762776a17001284ee88575201a7dbf1c1640a509"
"r04_provenance_quotes","초기 추출","사실과 이를 뒷받침하는 원문 인용을 함께 묶어 메모리 구성.","Qwen/Qwen3-8B","historical_dev70","70","45.115990018827496","미채택","false","/workspace/locomo-refinement/runs/pilot100_v3/r04_provenance_quotes_dev_items.json","31b84d23b9c35ffd9144c5136999fb50a1d4636bbb874c24daa05e972df65d2d"
"r05_calendar_anchor","날짜 처리","대화 기록일을 기준으로 상대 날짜 표현을 달력 날짜로 정규화.","Qwen/Qwen3-8B","historical_dev70","70","54.38938124399948","개선 채택","true","/workspace/locomo-refinement/runs/continuous_v3/r05_calendar_anchor_dev_items.json","7a4aa965131680f26d5042e6c78e65fece90a6f1db8cf42098e5d28cf2a0935e"
"r06_calendar_month","날짜 처리","월 단위 해석을 포함한 날짜 정규화 변형. 선택된 최종 전처리.","Qwen/Qwen3-8B","historical_dev70","70","54.86010161911774","개선 채택","true","/workspace/locomo-refinement/runs/continuous_v3/r06_calendar_month_dev_items.json","5cdbfa6b82e4a5ad69bf059059859bc3ecff57e0e903c8fd502cab3c3bcbe218"
"r07_nonoverlap_pairs","원문 블록","겹치지 않는 2턴 대화 블록.","Qwen/Qwen3-8B","historical_dev70","70","47.950327574446575","미채택","false","/workspace/locomo-refinement/runs/continuous_v3/r07_nonoverlap_pairs_dev_items.json","e37a0eb12410c201642c9fb908b43fbcfe01fea018a857cc82e6938d58f5e08a"
"r08_three_turn_blocks","원문 블록","3턴 대화 블록으로 메모리 단위 변경.","Qwen/Qwen3-8B","historical_dev70","70","54.03612465759745","미채택","false","/workspace/locomo-refinement/runs/continuous_v3/r08_three_turn_blocks_dev_items.json","76b35419d7a46245881a133ee3755bd4666ef257f5d36424454f121f4b7c6315"
"r09_four_turn_blocks","원문 블록","4턴 대화 블록으로 메모리 단위 변경.","Qwen/Qwen3-8B","historical_dev70","70","54.43755016217422","미채택","false","/workspace/locomo-refinement/runs/continuous_v3/r09_four_turn_blocks_dev_items.json","8a3eea374aebc7fcf132fc0ba649253ec5efac71be9be80eba630397bf988e33"
"r10_anchor_current_best","날짜 처리","당시 최고 후보에 날짜 정규화 적용.","Qwen/Qwen3-8B","historical_dev70","70","54.86010161911774","미채택","false","/workspace/locomo-refinement/runs/continuous_v3/r10_anchor_current_best_dev_items.json","7b4a57a0620fdd085b33d75ae0d0e2d4528429e6a8bb9bde30f194b6cf6c084d"
"r11_social_filter","사교 표현 필터","감사·축하·격려 등의 상투적인 사실 기록을 필터링.","Qwen/Qwen3-8B","historical_dev70","70","51.72034314891458","미채택","false","/workspace/locomo-refinement/runs/continuous_v3/r11_social_filter_dev_items.json","33d93400edd9a931532e7e4073ae799fffd52d69c26df0ab2fe6a8a9e09be0c0"
"r12_filter_current_best","사교 표현 필터","당시 최고 후보에 상투적인 사교 사실 필터 적용. 최종 계보에 채택.","Qwen/Qwen3-8B","historical_dev70","70","57.11886887725268","개선 채택","true","/workspace/locomo-refinement/runs/continuous_v3/r12_filter_current_best_dev_items.json","ba0db4e57d4ff48d09f4e90140b5baabd7d7bfeb769c478ae1f8f91b32361489"
"r13_extractive_cards","사실·QA 카드","출처에 근거한 추출형 카드 표현.","Qwen/Qwen3-8B","historical_dev70","70","41.655509780462346","미채택","false","/workspace/locomo-refinement/runs/continuous_v3/r13_extractive_cards_dev_items.json","5ec7432339ab4ff2d05381a9212b0238d697a8fd65a881c612f1e0186579a02b"
"r14_anchored_cards","사실·QA 카드","추출형 카드에 날짜 정규화 적용.","Qwen/Qwen3-8B","historical_dev70","70","42.318209118886706","미채택","false","/workspace/locomo-refinement/runs/continuous_v3/r14_anchored_cards_dev_items.json","198ed558344851a8732b44d0866e66c2b27f0291b112e98d8c3f3102bf4bb230"
"r15_cards_with_pairs","사실·QA 카드","추출형 카드와 2턴 원문 문맥 조합.","Qwen/Qwen3-8B","historical_dev70","70","46.47100717197154","미채택","false","/workspace/locomo-refinement/runs/continuous_v3/r15_cards_with_pairs_dev_items.json","287a4e55250bc7dd87a3475dc4dfd34b0603c785c2097348eeaf45d2dc7a2b18"
"r16_declarative_facts","사실·QA 카드","독립적인 서술문 형태의 사실 기록.","Qwen/Qwen3-8B","historical_dev70","70","42.51163574282778","미채택","false","/workspace/locomo-refinement/runs/continuous_v3/r16_declarative_facts_dev_items.json","365a9a170de2412677045f47ac7aa04782820d70e421501a9bc29d1d2031e8f4"
"r17_anchored_declarative","사실·QA 카드","서술형 사실에 날짜 정규화 적용.","Qwen/Qwen3-8B","historical_dev70","70","40.34015611653672","미채택","false","/workspace/locomo-refinement/runs/continuous_v3/r17_anchored_declarative_dev_items.json","53e782a12b116916293a13dde132878ecc9719b27647ad53ba8554267dfbcbe0"
"r18_declarative_with_pairs","사실·QA 카드","서술형 사실과 2턴 원문 문맥 조합.","Qwen/Qwen3-8B","historical_dev70","70","53.21774435156552","미채택","false","/workspace/locomo-refinement/runs/continuous_v3/r18_declarative_with_pairs_dev_items.json","6ee50adb50b712349a63d7b56c65d94e219ed795b6c2985a4c8f157ff3f116a7"
"r19_anchored_four_turn","원문 블록","날짜 정규화와 4턴 원문 블록 조합.","Qwen/Qwen3-8B","historical_dev70","70","53.93134104833894","미채택","false","/workspace/locomo-refinement/runs/continuous_v3/r19_anchored_four_turn_dev_items.json","778fc8dc11075bf78ea04bb50f8228e97709d4bec79b06d3ac2066bb6e94ae05"
"r20_anchored_three_turn","원문 블록","날짜 정규화와 3턴 원문 블록 조합.","Qwen/Qwen3-8B","historical_dev70","70","56.04832274058229","미채택","false","/workspace/locomo-refinement/runs/continuous_v3/r20_anchored_three_turn_dev_items.json","86c79672f01ea5abc78c4e9094a0185432ab6b79a561272bf0cb719f51b32247"
"r21_anchored_nonoverlap","원문 블록","날짜 정규화와 비중첩 원문 블록 조합.","Qwen/Qwen3-8B","historical_dev70","70","52.01785897489059","미채택","false","/workspace/locomo-refinement/runs/continuous_v3/r21_anchored_nonoverlap_dev_items.json","48e2b444f7e8d4152a94c7b55c295f222df1b1617b557a10a00eb61ca1bddc34"
"r22_anchored_fact_raw_pair","원문 블록","날짜 정규화한 사실과 원문 2턴 블록 조합.","Qwen/Qwen3-8B","historical_dev70","70","55.05931369074369","미채택","false","/workspace/locomo-refinement/runs/continuous_v3/r22_anchored_fact_raw_pair_dev_items.json","1c8e7c3e8ffbdab924de136d282b576af05552200414e9641f56e6d9dcb3011b"
"r23_anchored_fact_raw_four","원문 블록","날짜 정규화한 사실과 원문 4턴 블록 조합.","Qwen/Qwen3-8B","historical_dev70","70","51.77194095141252","미채택","false","/workspace/locomo-refinement/runs/continuous_v3/r23_anchored_fact_raw_four_dev_items.json","fc6ab9c3544c51592df0fdb2631cc387ba60f6aa497372c0555e3eb633694d02"
"r24_source_qa_cards","사실·QA 카드","벤치마크 대신 원문 대화에서 생성한 질문·답 카드.","Qwen/Qwen3-8B","historical_dev70","70","42.26198767697762","미채택","false","/workspace/locomo-refinement/runs/continuous_v3/r24_source_qa_cards_dev_items.json","a2a1629b3f66314b8cf1d8b58de4d05d66a725f44b30b6b5df8568280d9dfd19"
"r25_anchored_qa_cards","사실·QA 카드","원문 질문·답 카드에 날짜 정규화 적용.","Qwen/Qwen3-8B","historical_dev70","70","46.97940894162211","미채택","false","/workspace/locomo-refinement/runs/continuous_v3/r25_anchored_qa_cards_dev_items.json","43208cfa57fb56109191b095fa756584668c515386f0814c75f1b4cfaf3d86f1"
"r26_qa_cards_with_context","사실·QA 카드","원문 질문·답 카드와 근거 문맥 조합.","Qwen/Qwen3-8B","historical_dev70","70","49.97754672444096","미채택","false","/workspace/locomo-refinement/runs/continuous_v3/r26_qa_cards_with_context_dev_items.json","ea8821bf11aadcb85041977cf3110e346a3fce562073f877a22069ecbd4d2119"
"r27_filtered_three_turn","원문 블록","사교 사실 필터와 3턴 원문 블록 조합.","Qwen/Qwen3-8B","historical_dev70","70","53.37998117236232","미채택","false","/workspace/locomo-refinement/runs/continuous_v3/r27_filtered_three_turn_dev_items.json","4dd6df074455e6d07d519062417201c3f0ca8e933c25392b076e4a6f87aadde4"
"r28_filtered_fact_anchor","사교 표현 필터","필터링한 사실의 날짜 정규화 조합.","Qwen/Qwen3-8B","historical_dev70","70","54.86440851012433","미채택","false","/workspace/locomo-refinement/runs/continuous_v3/r28_filtered_fact_anchor_dev_items.json","f14a6ba5aa71e18d6a31d7bbbde01e422a5a3c836b5dd591773f1df4bffe9e02"
"r29_filtered_four_turn","원문 블록","사교 사실 필터와 4턴 원문 블록 조합.","Qwen/Qwen3-8B","historical_dev70","70","54.66712789019331","미채택","false","/workspace/locomo-refinement/runs/continuous_v3/r29_filtered_four_turn_dev_items.json","b12b15b4d7ae816782f4d494e307f03d87d1f95bac3cd69ce5323d678386affe"
"r30_filtered_partial_four","원문 블록","필터링과 부분적인 4턴 블록 적용을 결합한 변형. 상세 적용 범위는 보존 이름 이상의 근거 없이 추정하지 않음.","Qwen/Qwen3-8B","historical_dev70","70","51.74415858648466","미채택","false","/workspace/locomo-refinement/runs/continuous_v3/r30_filtered_partial_four_dev_items.json","d0e64cc7fd946b1cc7a3ef9091c98835dab21f28dbf484959ff6a4a8792ccada"
"r31_filtered_declarative","사실·QA 카드","필터링한 서술형 사실 표현.","Qwen/Qwen3-8B","historical_dev70","70","51.94690307553744","미채택","false","/workspace/locomo-refinement/runs/continuous_v3/r31_filtered_declarative_dev_items.json","3b37a6e95652d3d6442951ccdc22fe9cab0073e98234029a2e80a1df1ef0367a"
"r32_anchored_single_turn","원문 블록","날짜 정규화한 단일 발화 단위.","Qwen/Qwen3-8B","historical_dev70","70","54.855694035486266","미채택","false","/workspace/locomo-refinement/runs/continuous_v3/r32_anchored_single_turn_dev_items.json","d07cf4c8e95409274c78842fed9111de8611dc20a1a4312dbb1fc3c9af8c8681"
"r33_filtered_pair_blocks","원문 블록","필터링과 2턴 원문 블록 조합.","Qwen/Qwen3-8B","historical_dev70","70","54.827682388306634","미채택","false","/workspace/locomo-refinement/runs/continuous_v3/r33_filtered_pair_blocks_dev_items.json","df2b3f75843f16c0982fcef943eb6843da9e4a24947ef60d1aa6ff2933a7e288"
"r34_anchored_fact_only","원문 블록","날짜 정규화한 사실만 사용하는 대조군.","Qwen/Qwen3-8B","historical_dev70","70","52.14752028646722","미채택","false","/workspace/locomo-refinement/runs/continuous_v3/r34_anchored_fact_only_dev_items.json","355441c507b6455bd9e5e51b2526e7c2da648558c49d7a4124c239696b34c402"
"r35_anchored_dialogue_only","원문 블록","날짜 정규화한 원문 대화만 사용하는 대조군.","Qwen/Qwen3-8B","historical_dev70","70","50.67571103309484","미채택","false","/workspace/locomo-refinement/runs/continuous_v3/r35_anchored_dialogue_only_dev_items.json","bc8940fe86228b481fc5b088571d72dbca6d11394598f9799c45ba16d7acbbb2"
"r36_selective_anchor_filtered","날짜 처리","필터링한 메모리 중 상대 시간 표현이 있는 단위만 정규화.","Qwen/Qwen3-8B","historical_dev70","70","56.741155421333836","미채택","false","/workspace/locomo-refinement/runs/continuous_v3/r36_selective_anchor_filtered_dev_items.json","60d876f0374820cae697931055e780db52f34ae28a861a4e925e0db34551ff1e"
"r37_selective_anchor","날짜 처리","상대 시간 표현이 있는 단위만 선택적으로 정규화.","Qwen/Qwen3-8B","historical_dev70","70","53.972152439067024","미채택","false","/workspace/locomo-refinement/runs/continuous_v3/r37_selective_anchor_dev_items.json","6c7a15e277d6db021139fd295312a3e1de0437b6b81206228064c44340ff12c4"
"r38_fused_pair","사실·원문 결합","추출 사실을 출처가 겹치는 원문 2턴 블록에 붙여 함께 검색·읽기.","Qwen/Qwen3-8B","historical_dev70","70","55.95140902514102","미채택","false","/workspace/locomo-refinement/runs/continuous_v3/r38_fused_pair_dev_items.json","93f76247c562d615310013904b8223351e24a1e3da2038928b4329eef6d3bd4f"
"r39_fused_three_turn","사실·원문 결합","사실과 원문 3턴 블록을 하나의 메모리 단위로 결합.","Qwen/Qwen3-8B","historical_dev70","70","53.24197059273202","미채택","false","/workspace/locomo-refinement/runs/continuous_v3/r39_fused_three_turn_dev_items.json","941a58c9ce13c14038bcd5187edab7659c0751a2e6171b635c7e70d996d6ec51"
"r40_fused_four_turn","사실·원문 결합","사실과 원문 4턴/2턴 중첩 블록을 결합하고 날짜 정보를 유지. 채택된 r40.","Qwen/Qwen3-8B","historical_dev70","70","58.620301618490544","개선 채택","true","/workspace/locomo-refinement/runs/continuous_v3/r40_fused_four_turn_dev_items.json","6dff679c6d3058c1db2dbd02b80c212c1a809d563a618ee38762bd53551c1a90"
"r41_fused_with_fact_index","사실·원문 결합","결합 메모리에 별도 사실 인덱스도 보존.","Qwen/Qwen3-8B","historical_dev70","70","53.77331563631873","미채택","false","/workspace/locomo-refinement/runs/continuous_v3/r41_fused_with_fact_index_dev_items.json","33a611843d24311189d266817ed7291f9c17d16357c3df76755ed41f4349d555"
"r42_clean_source_cards","사실·QA 카드","구조화 카드의 중복·질문·빈 사교 표현을 정리.","Qwen/Qwen3-8B","historical_dev70","70","41.184030133063516","미채택","false","/workspace/locomo-refinement/runs/continuous_v3/r42_clean_source_cards_dev_items.json","9d1be216e4a35e702281727df0cbae6cdfd0faad566d69ad5b61717dc1dd04fe"
"r43_clean_anchored_cards","사실·QA 카드","정리한 카드에 날짜 정규화 적용.","Qwen/Qwen3-8B","historical_dev70","70","44.946303817102134","미채택","false","/workspace/locomo-refinement/runs/continuous_v3/r43_clean_anchored_cards_dev_items.json","7b23c2d0ecfc8aa9a151e993fe6c338bef0960f00de6cb951191dde8f0dbdec4"
"r44_clean_cards_with_context","사실·QA 카드","정리한 카드와 원문 문맥 조합.","Qwen/Qwen3-8B","historical_dev70","70","55.395536359556694","미채택","false","/workspace/locomo-refinement/runs/continuous_v3/r44_clean_cards_with_context_dev_items.json","1dcee3990f461c3bbab8e0fd885794d574d6821dadd4320e8d710a75d7408db8"
"r45_entity_profiles","인물 프로필","인물별·주제별로 여러 발화의 사실을 모은 프로필 추가.","Qwen/Qwen3-8B","historical_dev70","70","54.50541718198407","미채택","false","/workspace/locomo-refinement/runs/continuous_v3/r45_entity_profiles_dev_items.json","0a7f8e4b55281ad527a9c98b096aa57a789bf2e91eb892fbf7d117f38aaae276"
"r46_entity_profiles_only","인물 프로필","프로필만 남기는 대조군.","Qwen/Qwen3-8B","historical_dev70","70","7.839049215269268","미채택","false","/workspace/locomo-refinement/runs/continuous_v3/r46_entity_profiles_only_dev_items.json","aa994e9eea726afff481c0ec166c6fb6d24a844c9323f0b4db74419e55987c05"
"r47_profiles_with_context","인물 프로필","인물 프로필과 원문 문맥 조합.","Qwen/Qwen3-8B","historical_dev70","70","47.515741324000224","미채택","false","/workspace/locomo-refinement/runs/continuous_v3/r47_profiles_with_context_dev_items.json","78021ff7d68371f0c2140a94166aeb3d8bd4ba9f9fd08b6925dbb6e2e98572bf"
"r48_salient_dialogue","중요 발화 선택","LLM으로 정보 없는 인사·감사 등을 골라 제외하고 중요한 발화와 사실 유지.","Qwen/Qwen3-8B","historical_dev70","70","58.14040777972295","미채택","false","/workspace/locomo-refinement/runs/continuous_v3/r48_salient_dialogue_dev_items.json","20f6150d8646ac76e39bf3eaed4a7817da582150b99184b8ffd0d087569dba75"
"r49_salient_dialogue_only","중요 발화 선택","중요 발화만 남기고 별도 추출 사실은 제외하는 대조군.","Qwen/Qwen3-8B","historical_dev70","70","45.44015514582153","미채택","false","/workspace/locomo-refinement/runs/continuous_v3/r49_salient_dialogue_only_dev_items.json","89819e410e4a90c765fa2a4ae4e541e3ddff50d8c20752370d3554f4976b21f7"
"r50_salient_longer_context","중요 발화 선택","중요 발화에 더 긴 앞 문맥을 결합.","Qwen/Qwen3-8B","historical_dev70","70","57.398978513063284","미채택","false","/workspace/locomo-refinement/runs/continuous_v3/r50_salient_longer_context_dev_items.json","45f562d83ef3c50f64bcaac33f3b1098d395b933dc7079720842b06dc43d97ae"
"r50a_fused_five_turn","사실·원문 결합","사실과 원문 5턴 블록 결합.","Qwen/Qwen3-8B","historical_dev70","70","56.32449583760978","미채택","false","/workspace/locomo-refinement/runs/continuous_v3/r50a_fused_five_turn_dev_items.json","943cf50039bd104b2d0dc6da9bdd50062281f43168da202a64792da833eadbfa"
"r50b_fused_six_turn","사실·원문 결합","사실과 원문 6턴 블록 결합.","Qwen/Qwen3-8B","historical_dev70","70","52.9559710404538","미채택","false","/workspace/locomo-refinement/runs/continuous_v3/r50b_fused_six_turn_dev_items.json","f77aa65d045e335e148ac5d035945a9ccbadcc79d1e7d983b8a7fc3e25cef978"
"r50c_fused_stride_one","사실·원문 결합","블록 시작을 1턴씩 이동시키는 결합 변형.","Qwen/Qwen3-8B","historical_dev70","70","54.31121947747564","미채택","false","/workspace/locomo-refinement/runs/continuous_v3/r50c_fused_stride_one_dev_items.json","73f8690c5915d1cec7f6b96eaa0e50ed4ff1af980104d85a174e601b3ac3c3cd"
"r51_replay_reference","재현 확인","r12를 변경 없이 재평가. 신규 후보 126개 집계에서 제외.","Qwen/Qwen3-8B","historical_dev70","70","57.11886887725268","재현 확인","false","/workspace/locomo-refinement/runs/continuous_v3/r51_replay_reference_dev_items.json","0a235f130c920c12007258694971fbe7a37c5d6326f7e290b63411f0a88b85cc"
"r52_replay_seed","재현 확인","Seed를 변경 없이 재평가. 신규 후보 126개 집계에서 제외.","Qwen/Qwen3-8B","historical_dev70","70","52.7942778998271","재현 확인","false","/workspace/locomo-refinement/runs/continuous_v3/r52_replay_seed_dev_items.json","5c364786507c5589b9f2b3812883be927a9bcab66fe20bc5bad9079a6f2526cd"
"m01_fused_without_rules","검색키·본문 분리/규칙 제거","Seed에 4턴/2턴 중첩 결합을 적용하되 추가 날짜·사교 필터 규칙 없이 구성.","Qwen/Qwen3-8B","historical_dev70","70","46.91930880254609","미채택","false","/workspace/locomo-refinement/runs/continuous_v3/m01_fused_without_rules_dev_items.json","5a0cbc36167a09cb862e1d3ccf1d704ddcd0eb3f856f4c32950955f6dd80d50c"
"m02_split_without_rules","검색키·본문 분리/규칙 제거","m01의 사실 요약은 검색키로, 원문은 읽기 본문으로 분리.","Qwen/Qwen3-8B","historical_dev70","70","46.360705382931826","미채택","false","/workspace/locomo-refinement/runs/continuous_v3/m02_split_without_rules_dev_items.json","ec689677b20a870ad64c2e3631a9d9ddb7f96ecbe7f28119babe437f43bd187f"
"m03_key_only_intervention","검색키·본문 분리/규칙 제거","m01의 읽기 본문은 유지하고 검색키만 사실 요약으로 변경.","Qwen/Qwen3-8B","historical_dev70","70","45.85902988681856","미채택","false","/workspace/locomo-refinement/runs/continuous_v3/m03_key_only_intervention_dev_items.json","5b3c75077beb827ccd189b882656fa25eca656709469bacd2101262bba13889d"
"m04_index_without_rules","검색키·본문 분리/규칙 제거","Seed의 사실을 검색키로, 해당 원문을 본문으로 연결하되 추가 날짜 정규화 없음.","Qwen/Qwen3-8B","historical_dev70","70","49.1908878782354","미채택","false","/workspace/locomo-refinement/runs/continuous_v3/m04_index_without_rules_dev_items.json","7aa861755a9ad77a39fd2c88b98196cce9c6535eff8b9ea10d139ba9cbf934ec"
"r67_split_best_fused","검색키·본문 분리/규칙 제거","최고 결합 메모리를 사실 검색키와 원문 읽기 본문으로 분리.","Qwen/Qwen3-8B","historical_dev70","70","46.94593624190698","미채택","false","/workspace/locomo-refinement/runs/continuous_v3/r67_split_best_fused_dev_items.json","2e905603e6bd015411f1b96f469fa3d44f84b5099e43ceb414917bde1147af73"
"r68_fused_key_both_payload","검색키·본문 분리/규칙 제거","결합 메모리의 검색키와 사실·원문 본문 구성을 비교하는 변형.","Qwen/Qwen3-8B","historical_dev70","70","48.197618887334414","미채택","false","/workspace/locomo-refinement/runs/continuous_v3/r68_fused_key_both_payload_dev_items.json","b2edced8716ad7ccfb2bc9b44dff40c6bbb246cd06affb25ee7021f139f75cfc"
"r53_fact_index_source_payload","검색키·본문 분리/규칙 제거","사실을 검색키로 사용하고 대응 원문을 읽기 본문으로 제공.","Qwen/Qwen3-8B","historical_dev70","70","48.13481542806348","미채택","false","/workspace/locomo-refinement/runs/continuous_v3/r53_fact_index_source_payload_dev_items.json","e01dfbe23670c9a8c62f0515179b7e7c6a5dec2b6a99d22d5bcf6096bffb35ac"
"r57_indexed_summary_and_source","검색키·본문 분리/규칙 제거","검색키와 분리된 읽기 본문에 요약과 원문을 함께 제공.","Qwen/Qwen3-8B","historical_dev70","70","52.877953703583955","미채택","false","/workspace/locomo-refinement/runs/continuous_v3/r57_indexed_summary_and_source_dev_items.json","8dad3fe30531d755671daac1092c8884acbdfe96d43732fc0f351e43cbe747e6"
"r58_indexed_source_control","검색키·본문 분리/규칙 제거","원문 인덱싱을 비교하는 대조군.","Qwen/Qwen3-8B","historical_dev70","70","54.391230867034466","미채택","false","/workspace/locomo-refinement/runs/continuous_v3/r58_indexed_source_control_dev_items.json","eb58bc4bd0b74ff7fb6a2789536e398edaf882b2bbc26853c1a6d096e78dc262"
"r59_indexed_without_residual","검색키·본문 분리/규칙 제거","인덱싱에서 사실로 연결되지 않은 원문 잔여 블록을 제외.","Qwen/Qwen3-8B","historical_dev70","70","46.306257162632846","미채택","false","/workspace/locomo-refinement/runs/continuous_v3/r59_indexed_without_residual_dev_items.json","be314af24dc33f41566ec1f55d071a40dcd2938f1d3352127317604b4ac2d0a2"
"b00_raw","근거 예산 배분","원문 메모리 대조군.","Qwen/Qwen3-8B","historical_dev70","70","45.96703013030443","미채택","false","/workspace/locomo-refinement/runs/budgeted_evidence_v1/b00_raw_dev_items.json","90a14e8a059a72e4e965b54e3252ddd838db8063bd39f2fb6284893a621bac39"
"b_full_125","근거 예산 배분","전체 근거 후보만; 원문 저장량 1.25배 상한.","Qwen/Qwen3-8B","historical_dev70","70","45.468762354230336","미채택","false","/workspace/locomo-refinement/runs/budgeted_evidence_v1/b_full_125_dev_items.json","a0e694806a4a8286951eb9d2c76c24a69834100fe426b6e9d30e0397f5b9b5f3"
"b_single_125","근거 예산 배분","단일+전체 근거 후보; 원문 저장량 1.25배 상한.","Qwen/Qwen3-8B","historical_dev70","70","46.51141318998462","미채택","false","/workspace/locomo-refinement/runs/budgeted_evidence_v1/b_single_125_dev_items.json","12b92ff12a9ad37bd6d2b6111059f1a20b6a964ac2bd2b76841c59d582c96b87"
"b_joint_125","근거 예산 배분","단일+쌍+전체 근거 후보; 원문 저장량 1.25배 상한.","Qwen/Qwen3-8B","historical_dev70","70","47.81510389703667","미채택","false","/workspace/locomo-refinement/runs/budgeted_evidence_v1/b_joint_125_dev_items.json","efb6da984e1dcc3776ce3c76bab8e2e80835a06c293a6bcaa18fb34e489f9860"
"b_single_verified_125","근거 예산 배분","단일+전체 근거 후보; 원문 저장량 1.25배 상한. 같은 모델의 답 의미·인물·시간·조건 보존 검증 추가.","Qwen/Qwen3-8B","historical_dev70","70","46.51141318998462","미채택","false","/workspace/locomo-refinement/runs/budgeted_evidence_v1/b_single_verified_125_dev_items.json","0cd0e3f0cf9bac3c16c10f0cdecd812330cda06a58a32f91693c152bb8ff5d91"
"b_joint_verified_125","근거 예산 배분","단일+쌍+전체 근거 후보; 원문 저장량 1.25배 상한. 같은 모델의 답 의미·인물·시간·조건 보존 검증 추가.","Qwen/Qwen3-8B","historical_dev70","70","47.888363970296744","미채택","false","/workspace/locomo-refinement/runs/budgeted_evidence_v1/b_joint_verified_125_dev_items.json","86fdc1f2401701254be10c9b1eb3e232eb5361f7f388812fad494924c7e16fa7"
"b_full_150","근거 예산 배분","전체 근거 후보만; 원문 저장량 1.5배 상한.","Qwen/Qwen3-8B","historical_dev70","70","45.468762354230336","미채택","false","/workspace/locomo-refinement/runs/budgeted_evidence_v1/b_full_150_dev_items.json","6eda3d9d7d88d11575394ee505830b62137b4554d484fca9bdecee1ec03d6382"
"b_single_150","근거 예산 배분","단일+전체 근거 후보; 원문 저장량 1.5배 상한.","Qwen/Qwen3-8B","historical_dev70","70","46.51141318998462","미채택","false","/workspace/locomo-refinement/runs/budgeted_evidence_v1/b_single_150_dev_items.json","46b2308f63b86b2231f32686ac144546c684da413e0e47a6cda2fe7e8ec61ae7"
"b_joint_150","근거 예산 배분","단일+쌍+전체 근거 후보; 원문 저장량 1.5배 상한.","Qwen/Qwen3-8B","historical_dev70","70","47.81510389703667","미채택","false","/workspace/locomo-refinement/runs/budgeted_evidence_v1/b_joint_150_dev_items.json","d19cd702a1ec451d8fcf43492880799327fab449f7c4897a46f07d0656253dc3"
"b_single_verified_150","근거 예산 배분","단일+전체 근거 후보; 원문 저장량 1.5배 상한. 같은 모델의 답 의미·인물·시간·조건 보존 검증 추가.","Qwen/Qwen3-8B","historical_dev70","70","46.51141318998462","미채택","false","/workspace/locomo-refinement/runs/budgeted_evidence_v1/b_single_verified_150_dev_items.json","6b3442f66c12223ccd035c42c84375c50ef2fb2dcc07616929396749857b1f8e"
"b_joint_verified_150","근거 예산 배분","단일+쌍+전체 근거 후보; 원문 저장량 1.5배 상한. 같은 모델의 답 의미·인물·시간·조건 보존 검증 추가.","Qwen/Qwen3-8B","historical_dev70","70","47.888363970296744","미채택","false","/workspace/locomo-refinement/runs/budgeted_evidence_v1/b_joint_verified_150_dev_items.json","0bdc23ca0b2bb165f86fcb02a9c2a5ea12ed17d5ee1155a1f2f71df8e4264765"
"s_raw_single_2000","부모 근거 추가","원문 부분집합를 본문으로, 원문 질문을 검색키로 추가. 단일+전체 근거 후보; 추가 2000토큰.","Qwen/Qwen3-8B","historical_dev70","70","57.52157444174251","미채택","false","/workspace/locomo-refinement/runs/parent_evidence_v1/s_raw_single_2000_dev_items.json","57e2844c7980eaca8cd9a5d895ee963dc697f9d655d7b2baa73429ab7f6a3f14"
"s_raw_joint_2000","부모 근거 추가","원문 부분집합를 본문으로, 원문 질문을 검색키로 추가. 단일+쌍+전체 근거 후보; 추가 2000토큰.","Qwen/Qwen3-8B","historical_dev70","70","55.714696134864205","미채택","false","/workspace/locomo-refinement/runs/parent_evidence_v1/s_raw_joint_2000_dev_items.json","3486939c1af7cae1e1f89a83ac8a20da0a957c0b685fc69786d1f7c1e4f69309"
"s_raw_joint_verified_2000","부모 근거 추가","원문 부분집합를 본문으로, 원문 질문을 검색키로 추가. 단일+쌍+전체 근거 후보; 추가 2000토큰. 같은 모델의 답 보존 검증 추가.","Qwen/Qwen3-8B","historical_dev70","70","55.714696134864205","미채택","false","/workspace/locomo-refinement/runs/parent_evidence_v1/s_raw_joint_verified_2000_dev_items.json","26d6bc935cfabadd606ead6fb34fde6947a70977c7f398879b3b8951e2d668a4"
"s_parent_single_2000","부모 근거 추가","출처를 덮는 기존 부모 전체 단위를 본문으로, 원문 질문을 검색키로 추가. 단일+전체 근거 후보; 추가 2000토큰.","Qwen/Qwen3-8B","historical_dev70","70","59.27437370002835","개선 채택","true","/workspace/locomo-refinement/runs/parent_evidence_v1/s_parent_single_2000_dev_items.json","5f90f9cef21ba36cf94f883054f09d223fb58b0d9c5c9afd69a347a03b6f84ba"
"s_parent_joint_2000","부모 근거 추가","출처를 덮는 기존 부모 전체 단위를 본문으로, 원문 질문을 검색키로 추가. 단일+쌍+전체 근거 후보; 추가 2000토큰.","Qwen/Qwen3-8B","historical_dev70","70","59.0149109405656","미채택","false","/workspace/locomo-refinement/runs/parent_evidence_v1/s_parent_joint_2000_dev_items.json","50665c8bcc41dacef0dd05139c4bf1c38d0896326890779cf80e98e1b45e4df6"
"s_parent_single_verified_2000","부모 근거 추가","출처를 덮는 기존 부모 전체 단위를 본문으로, 원문 질문을 검색키로 추가. 단일+전체 근거 후보; 추가 2000토큰. 같은 모델의 답 보존 검증 추가.","Qwen/Qwen3-8B","historical_dev70","70","57.036452890678966","미채택","false","/workspace/locomo-refinement/runs/parent_evidence_v1/s_parent_single_verified_2000_dev_items.json","7dc8d28615c7830c48cfb77512541258b03132ef322723a5f95dfa83a3fecf1a"
"s_parent_joint_verified_2000","부모 근거 추가","출처를 덮는 기존 부모 전체 단위를 본문으로, 원문 질문을 검색키로 추가. 단일+쌍+전체 근거 후보; 추가 2000토큰. 같은 모델의 답 보존 검증 추가.","Qwen/Qwen3-8B","historical_dev70","70","57.86411728977194","미채택","false","/workspace/locomo-refinement/runs/parent_evidence_v1/s_parent_joint_verified_2000_dev_items.json","9598066deea2c212f70d6e221b4a3d23d65d73b1507dffe540982a3b2e08f708"
"s_raw_single_4000","부모 근거 추가","원문 부분집합를 본문으로, 원문 질문을 검색키로 추가. 단일+전체 근거 후보; 추가 4000토큰.","Qwen/Qwen3-8B","historical_dev70","70","55.714696134864205","미채택","false","/workspace/locomo-refinement/runs/parent_evidence_v1/s_raw_single_4000_dev_items.json","486ae468422973a133437a3b816d715450e208256f9bdb306ba0686171b0ff50"
"s_raw_joint_4000","부모 근거 추가","원문 부분집합를 본문으로, 원문 질문을 검색키로 추가. 단일+쌍+전체 근거 후보; 추가 4000토큰.","Qwen/Qwen3-8B","historical_dev70","70","55.886653806821876","미채택","false","/workspace/locomo-refinement/runs/parent_evidence_v1/s_raw_joint_4000_dev_items.json","0f27a4ab1a70a91099bd4f29ab1b48f494c78b23cb053422dfdb6bedae7a0547"
"s_raw_joint_verified_4000","부모 근거 추가","원문 부분집합를 본문으로, 원문 질문을 검색키로 추가. 단일+쌍+전체 근거 후보; 추가 4000토큰. 같은 모델의 답 보존 검증 추가.","Qwen/Qwen3-8B","historical_dev70","70","55.714696134864205","미채택","false","/workspace/locomo-refinement/runs/parent_evidence_v1/s_raw_joint_verified_4000_dev_items.json","69efb76f0c76e157291cac5fac3285731be388dca6a5c2fb0e47d4e06240daf2"
"s_parent_single_4000","부모 근거 추가","출처를 덮는 기존 부모 전체 단위를 본문으로, 원문 질문을 검색키로 추가. 단일+전체 근거 후보; 추가 4000토큰.","Qwen/Qwen3-8B","historical_dev70","70","58.016339683402165","미채택","false","/workspace/locomo-refinement/runs/parent_evidence_v1/s_parent_single_4000_dev_items.json","bf7dcf08999a86211977d0e51de25bda7c56c60f5ad8f980d17372b994eaa6cc"
"s_parent_joint_4000","부모 근거 추가","출처를 덮는 기존 부모 전체 단위를 본문으로, 원문 질문을 검색키로 추가. 단일+쌍+전체 근거 후보; 추가 4000토큰.","Qwen/Qwen3-8B","historical_dev70","70","58.016339683402165","미채택","false","/workspace/locomo-refinement/runs/parent_evidence_v1/s_parent_joint_4000_dev_items.json","63cb7d7cd76076b1342947b4f9d9fe4a8067f9e721387de8f36f1c6c2f6872db"
"s_parent_single_verified_4000","부모 근거 추가","출처를 덮는 기존 부모 전체 단위를 본문으로, 원문 질문을 검색키로 추가. 단일+전체 근거 후보; 추가 4000토큰. 같은 모델의 답 보존 검증 추가.","Qwen/Qwen3-8B","historical_dev70","70","58.08949648235362","미채택","false","/workspace/locomo-refinement/runs/parent_evidence_v1/s_parent_single_verified_4000_dev_items.json","19e11fb5cfdcc3a7f219b2b7dcd59843abfdbb88a913589cdfba20d82b50682d"
"s_parent_joint_verified_4000","부모 근거 추가","출처를 덮는 기존 부모 전체 단위를 본문으로, 원문 질문을 검색키로 추가. 단일+쌍+전체 근거 후보; 추가 4000토큰. 같은 모델의 답 보존 검증 추가.","Qwen/Qwen3-8B","historical_dev70","70","58.137115529972675","미채택","false","/workspace/locomo-refinement/runs/parent_evidence_v1/s_parent_joint_verified_4000_dev_items.json","f9d99ef993b2512b89ab8d4eed6d5396313c663a226924acf32718b08e82d7c7"
"t_source_selected","검색·응답 내부 재귀","실제 검색·읽기 실패를 다시 측정하며 source 질문 복구를 반복. 최대 3회, 기존 source 답변 회귀를 막으며 +4000 토큰 내 후보 선택.","Qwen/Qwen3-8B","historical_dev70","70","59.12745079451328","미채택","false","/workspace/locomo-refinement/runs/retrieval_contract_v1/t_source_selected_dev_items.json","7f4a17f65666601638fd1fd7dfa5e3aa182b3f524a1f7634da6b0c54ccedb7da"
"v_crossview_selected","다른 질문 표현으로 선택","저장용 질문 Q0와 표현이 다른 질문 A에서 내부 개선 후보를 선택. 별도 질문 B는 선택 고정 후 진단.","Qwen/Qwen3-8B","historical_dev70","70","56.661858760598264","미채택","false","/workspace/locomo-refinement/runs/crossview_refinement_v1/v_crossview_selected_dev_items.json","5f668192891b0cb6f4aa7fe6569d5e1101d088adc4ea3fdf3febd3d6f4b86b6d"
"w_best_payload","메모리 중복 통합","best 계열 부모에서 본문·출처·세션이 동일한 단위를 합침. 검색키는 본문.","Qwen/Qwen3-8B","historical_dev70","70","58.620301618490544","미채택","false","/workspace/locomo-refinement/runs/identity_refinement_v1/w_best_payload_dev_items.json","c50b20c3789a69a4c554f0d5ecebf322b5b71db0e7bc910cdfc03ac57b2c2359"
"w_best_union","메모리 중복 통합","best 계열 부모에서 본문·출처·세션이 동일한 단위를 합침. 검색키는 모든 기존 키의 합.","Qwen/Qwen3-8B","historical_dev70","70","55.94612787178252","미채택","false","/workspace/locomo-refinement/runs/identity_refinement_v1/w_best_union_dev_items.json","551c4a2607951d780f6c17cc5b566ac5ba903d0fecb151faaaa2da877f83e2bd"
"w_best_cues","메모리 중복 통합","best 계열 부모에서 본문·출처·세션이 동일한 단위를 합침. 검색키는 본문과 다른 기존 키의 합.","Qwen/Qwen3-8B","historical_dev70","70","58.039684834797626","미채택","false","/workspace/locomo-refinement/runs/identity_refinement_v1/w_best_cues_dev_items.json","1caf08cafab820f647b80d89d5e73afea6e522365b46cf4d377c35dd41ecb341"
"w_q0_payload","메모리 중복 통합","Q0 계열 부모에서 본문·출처·세션이 동일한 단위를 합침. 검색키는 본문.","Qwen/Qwen3-8B","historical_dev70","70","57.65469315288209","미채택","false","/workspace/locomo-refinement/runs/identity_refinement_v1/w_q0_payload_dev_items.json","ee9123186460b9e207f00f3c087664b324bf6eb254c95a52499d71248f7dd162"
"w_q0_union","메모리 중복 통합","Q0 계열 부모에서 본문·출처·세션이 동일한 단위를 합침. 검색키는 모든 기존 키의 합.","Qwen/Qwen3-8B","historical_dev70","70","56.422318347973","미채택","false","/workspace/locomo-refinement/runs/identity_refinement_v1/w_q0_union_dev_items.json","5708049d2860c7aa73be4da941bc24055abb17138fbcd3896949c230578ac0a0"
"w_q0_cues","메모리 중복 통합","Q0 계열 부모에서 본문·출처·세션이 동일한 단위를 합침. 검색키는 본문과 다른 기존 키의 합.","Qwen/Qwen3-8B","historical_dev70","70","56.07866306508157","미채택","false","/workspace/locomo-refinement/runs/identity_refinement_v1/w_q0_cues_dev_items.json","3e61c3650096c1b70b3ac12c0be6021e344dbcd14a49d5c39a1ace4e1d129d1e"
"w_view_payload","메모리 중복 통합","다른 질문 표현 계열 부모에서 본문·출처·세션이 동일한 단위를 합침. 검색키는 본문.","Qwen/Qwen3-8B","historical_dev70","70","58.38220638039532","미채택","false","/workspace/locomo-refinement/runs/identity_refinement_v1/w_view_payload_dev_items.json","02d6dd592bfbe554dd89d2de0ff18b61f4330bdaa895955e4cbd562bfcbfe0dc"
"w_view_union","메모리 중복 통합","다른 질문 표현 계열 부모에서 본문·출처·세션이 동일한 단위를 합침. 검색키는 모든 기존 키의 합.","Qwen/Qwen3-8B","historical_dev70","70","55.743372106807875","미채택","false","/workspace/locomo-refinement/runs/identity_refinement_v1/w_view_union_dev_items.json","7bb41f9a240f7fd44ecc0a62991ea5407b5f542b56e7a799b239aa0d2f8beb7f"
"w_view_cues","메모리 중복 통합","다른 질문 표현 계열 부모에서 본문·출처·세션이 동일한 단위를 합침. 검색키는 본문과 다른 기존 키의 합.","Qwen/Qwen3-8B","historical_dev70","70","56.688439415791336","미채택","false","/workspace/locomo-refinement/runs/identity_refinement_v1/w_view_cues_dev_items.json","82fa8f837a527742440f0dece64eadab2f2cd236f6759605e9d7a09311153c3d"
"x_literal_2000","유사 사건 구별","기존 r40 메모리 본문 검색키 대조군; 추가 2000토큰. 같은 근거 쌍을 선택해 비교.","Qwen/Qwen3-8B","historical_dev70","70","57.612196278452444","미채택","false","/workspace/locomo-refinement/runs/contrastive_events_v1/x_literal_2000_dev_items.json","0ad726de2d2fb3b672eeeab1b14a6f32e792731147540402d11bbc846f0a8c4a"
"x_contrastive_2000","유사 사건 구별","검증된 사건 차이 설명; 추가 2000토큰. 같은 근거 쌍을 선택해 비교.","Qwen/Qwen3-8B","historical_dev70","70","58.644205843412024","미채택","false","/workspace/locomo-refinement/runs/contrastive_events_v1/x_contrastive_2000_dev_items.json","6c4eb80750bc0b4cec577cfcd4538b2efe7e3d36c4795527fb3b8fdb84b9528b"
"x_literal_4000","유사 사건 구별","기존 r40 메모리 본문 검색키 대조군; 추가 4000토큰. 같은 근거 쌍을 선택해 비교.","Qwen/Qwen3-8B","historical_dev70","70","55.95855362480978","미채택","false","/workspace/locomo-refinement/runs/contrastive_events_v1/x_literal_4000_dev_items.json","bc995b1d679a8e0b3728ba144d8a1dcddd69517af4801a2828317cfe65d0b684"
"x_contrastive_4000","유사 사건 구별","검증된 사건 차이 설명; 추가 4000토큰. 같은 근거 쌍을 선택해 비교.","Qwen/Qwen3-8B","historical_dev70","70","57.691824891031075","미채택","false","/workspace/locomo-refinement/runs/contrastive_events_v1/x_contrastive_4000_dev_items.json","04646dbe133b43238d7bad683a08e61aae9a2614b08c26875abc4c06f7f9aea3"
"y_radius_003","문서 검색벡터 최적화","저장 dense 문서벡터를 source 근거 관계로 최적화. 이동 반경 0.03. 인코더·reader 가중치와 본문은 고정.","Qwen/Qwen3-8B","historical_dev70","70","56.77097233948414","미채택","false","/workspace/locomo-refinement/runs/source_index_v1/y_radius_003_dev_items.json","af403027544abfcdd247e78efb26ab469f3446448c3806bc0951c36aca935f00"
"y_radius_010","문서 검색벡터 최적화","저장 dense 문서벡터를 source 근거 관계로 최적화. 이동 반경 0.1. 인코더·reader 가중치와 본문은 고정.","Qwen/Qwen3-8B","historical_dev70","70","57.34955232155761","미채택","false","/workspace/locomo-refinement/runs/source_index_v1/y_radius_010_dev_items.json","4e8d2b433b60558dc382a158bfe8066c80104f9c82c8ad88f57af6803e6cf920"
"y_radius_030","문서 검색벡터 최적화","저장 dense 문서벡터를 source 근거 관계로 최적화. 이동 반경 0.3. 인코더·reader 가중치와 본문은 고정.","Qwen/Qwen3-8B","historical_dev70","70","56.67315259437108","미채택","false","/workspace/locomo-refinement/runs/source_index_v1/y_radius_030_dev_items.json","48fd2ad372a84e96012593dbfac4f2343f2d866fe0b6d492b7249989f6dcd94b"
"z_within_010","검색벡터 정렬 전이","해당 대화 source 질문으로 직교변환 학습. 이동 반경 0.1.","Qwen/Qwen3-8B","historical_dev70","70","55.12337530194673","미채택","false","/workspace/locomo-refinement/runs/transfer_index_v1/z_within_010_dev_items.json","4f2bf1b3ae1d3177bcadb232f4ca06ff084839efc3783fa29ecb45200d751d8f"
"z_transfer_010","검색벡터 정렬 전이","해당 대화 외 나머지 6개 개발 대화 source 질문으로 직교변환 학습. 이동 반경 0.1.","Qwen/Qwen3-8B","historical_dev70","70","56.63650336018756","미채택","false","/workspace/locomo-refinement/runs/transfer_index_v1/z_transfer_010_dev_items.json","d682a5fcb509a73435285ad7c992ea938dad03f865189253a55d0a6261d3a8b3"
"z_within_030","검색벡터 정렬 전이","해당 대화 source 질문으로 직교변환 학습. 이동 반경 0.3.","Qwen/Qwen3-8B","historical_dev70","70","56.74218207300914","미채택","false","/workspace/locomo-refinement/runs/transfer_index_v1/z_within_030_dev_items.json","96851d4de62e266af94e8f3f2aeddfe382304c0871406fbae2639100b4abe9ce"
"z_transfer_030","검색벡터 정렬 전이","해당 대화 외 나머지 6개 개발 대화 source 질문으로 직교변환 학습. 이동 반경 0.3.","Qwen/Qwen3-8B","historical_dev70","70","53.29468061087872","미채택","false","/workspace/locomo-refinement/runs/transfer_index_v1/z_transfer_030_dev_items.json","554459729220c4eba43a265298917f34498a419edc713cff3a5dfd4f6599d387"
"aa_raw","출처 기반 본문 재작성","검색키를 고정하고 원문을 읽기 본문으로 구성. 출처 원문 보존과 기존 단위 예산 적용.","Qwen/Qwen3-8B","historical_dev70","70","52.733618142146256","미채택","false","/workspace/locomo-refinement/runs/provenance_payload_v2/aa_raw_dev_items.json","a0a39bf0ed83be95a255c7aeac736128abc6f90dcf8288a2b39369908dc21c52"
"aa_normalized","출처 기반 본문 재작성","검색키를 고정하고 출처에 문자 그대로 근거를 둔 정규화 사실을 읽기 본문으로 구성. 출처 원문 보존과 기존 단위 예산 적용.","Qwen/Qwen3-8B","historical_dev70","70","48.24186060019088","미채택","false","/workspace/locomo-refinement/runs/provenance_payload_v2/aa_normalized_dev_items.json","c5b7e40b2fd9ed7a9dd1e46b632c6cc0d48bfbf092a91d682e5df7713ac64dcc"
"aa_supported","출처 기반 본문 재작성","검색키를 고정하고 출처가 뒷받침하는 사실을 읽기 본문으로 구성. 출처 원문 보존과 기존 단위 예산 적용.","Qwen/Qwen3-8B","historical_dev70","70","48.03497784708964","미채택","false","/workspace/locomo-refinement/runs/provenance_payload_v2/aa_supported_dev_items.json","50d80f1e07a8f1e30b5a85a914bcc46fd5e85ac02a1ecba66e54e5ac9f6781ad"
"aa_dependent","출처 기반 본문 재작성","검색키를 고정하고 출처를 삭제하면 지지가 사라지는 사실을 읽기 본문으로 구성. 출처 원문 보존과 기존 단위 예산 적용.","Qwen/Qwen3-8B","historical_dev70","70","48.30937933521871","미채택","false","/workspace/locomo-refinement/runs/provenance_payload_v2/aa_dependent_dev_items.json","efc94ee701191b9e934de311ff0f6c0fe4fadcf181194ace6a7f4756699f4980"
"ab_supported_2000","사실 검색 경로 확장","출처가 뒷받침하는 사실을 추가 검색키로 선택해 기존 부모 본문과 연결. 추가 2000토큰.","Qwen/Qwen3-8B","historical_dev70","70","57.46250403947448","미채택","false","/workspace/locomo-refinement/runs/coverage_routes_v1/ab_supported_2000_dev_items.json","f947517a2eede5ed10220d7c1c7e6749a939dbd8e9d911fd8c25c5aeeff1707f"
"ab_dependent_2000","사실 검색 경로 확장","출처 삭제에 민감한 사실을 추가 검색키로 선택해 기존 부모 본문과 연결. 추가 2000토큰.","Qwen/Qwen3-8B","historical_dev70","70","56.402290560143356","미채택","false","/workspace/locomo-refinement/runs/coverage_routes_v1/ab_dependent_2000_dev_items.json","e8fec718e458f3fd6ee2a3ab67b32e76981eb9f47cc754b5d6783bf00598db08"
"ab_supported_4000","사실 검색 경로 확장","출처가 뒷받침하는 사실을 추가 검색키로 선택해 기존 부모 본문과 연결. 추가 4000토큰.","Qwen/Qwen3-8B","historical_dev70","70","55.12149187703375","미채택","false","/workspace/locomo-refinement/runs/coverage_routes_v1/ab_supported_4000_dev_items.json","8fb64f7abb912320aeaca6b95c97bd1a10666b18977aa31874e78dcfbe962ff0"
"ab_dependent_4000","사실 검색 경로 확장","출처 삭제에 민감한 사실을 추가 검색키로 선택해 기존 부모 본문과 연결. 추가 4000토큰.","Qwen/Qwen3-8B","historical_dev70","70","56.721743171581416","미채택","false","/workspace/locomo-refinement/runs/coverage_routes_v1/ab_dependent_4000_dev_items.json","baba9ea451764117846c8aad7e92aa8aee9d43fe321d9e536e27ec3427c90c8a"
"ac_copy_2000","검색 경로 중복 처리","키+본문 사본 추가. 동일 사실·부모 선택, 동일 본문, 비교 후보 공통 비용; 추가 2000토큰.","Qwen/Qwen3-8B","historical_dev70","70","57.46250403947448","미채택","false","/workspace/locomo-refinement/runs/identity_routes_v1/ac_copy_2000_dev_items.json","795845c58e46a9c63c6dd9517493c31af8e494d64a18ce5ccf0db0b24bf85813"
"ac_union_2000","검색 경로 중복 처리","기존 키와 사실 키 합침. 동일 사실·부모 선택, 동일 본문, 비교 후보 공통 비용; 추가 2000토큰.","Qwen/Qwen3-8B","historical_dev70","70","56.156977937895746","미채택","false","/workspace/locomo-refinement/runs/identity_routes_v1/ac_union_2000_dev_items.json","3043c883b51e92ae7598db16e6e17e07111dd0efcf68a5c21943afabf35f7830"
"ac_replace_2000","검색 경로 중복 처리","기존 키를 사실 키로 교체. 동일 사실·부모 선택, 동일 본문, 비교 후보 공통 비용; 추가 2000토큰.","Qwen/Qwen3-8B","historical_dev70","70","57.80196390910677","미채택","false","/workspace/locomo-refinement/runs/identity_routes_v1/ac_replace_2000_dev_items.json","14485007abc559fb734ef8d462505a3cbf8c49ec8857d08b09fdb134e7603813"
"ac_copy_4000","검색 경로 중복 처리","키+본문 사본 추가. 동일 사실·부모 선택, 동일 본문, 비교 후보 공통 비용; 추가 4000토큰.","Qwen/Qwen3-8B","historical_dev70","70","55.12149187703375","미채택","false","/workspace/locomo-refinement/runs/identity_routes_v1/ac_copy_4000_dev_items.json","488477f09ba938612e324d5f8e299ded82825caf0d4d847cb61fd906c6cb9ef5"
"ac_union_4000","검색 경로 중복 처리","기존 키와 사실 키 합침. 동일 사실·부모 선택, 동일 본문, 비교 후보 공통 비용; 추가 4000토큰.","Qwen/Qwen3-8B","historical_dev70","70","57.23184051730963","미채택","false","/workspace/locomo-refinement/runs/identity_routes_v1/ac_union_4000_dev_items.json","274ea712fc634a134ffeb05ebb609074adc19156a1f17cb1fa64ac8cb05c927b"
"ac_replace_4000","검색 경로 중복 처리","기존 키를 사실 키로 교체. 동일 사실·부모 선택, 동일 본문, 비교 후보 공통 비용; 추가 4000토큰.","Qwen/Qwen3-8B","historical_dev70","70","53.10910121624407","미채택","false","/workspace/locomo-refinement/runs/identity_routes_v1/ac_replace_4000_dev_items.json","ab1e6124a8c86d578b37746b109a87ac5a6a5eae3b449741bb175a49897fe49c"
"ad_read_1536","읽기 예산 축소","메모리·검색순위를 고정하고 읽기 상한을 1536토큰으로 낮춤.","Qwen/Qwen3-8B","historical_dev70","70","54.77011008788503","미채택","false","/workspace/locomo-refinement/runs/read_budget_v1/ad_read_1536_dev_items.json","02da1358feffeea69f568a72387ea8e93ad6b99ce8c0b391e3a03c88d44b3e50"
"ad_read_1024","읽기 예산 축소","메모리·검색순위를 고정하고 읽기 상한을 1024토큰으로 낮춤.","Qwen/Qwen3-8B","historical_dev70","70","50.17534010665177","미채택","false","/workspace/locomo-refinement/runs/read_budget_v1/ad_read_1024_dev_items.json","ce55a9ce4d90f81500de57c9cf6aacdbe6ac2fe2ba451b95012db7b4c5ca3a41"
